Actual,Predicted
0.477,0.7191228416019086
0.458,1.7640165706624131
5.00001,2.7096588334317033
2.186,2.8389259301839402
2.78,2.6046572518102877
1.587,2.0117536732499417
1.982,2.645500049376622
1.575,2.1687553212870867
3.4,2.740746441138498
4.466,3.915614725032455
1.232,0.9389615628097658
2.539,1.9012217664440811
2.151,1.758711781102697
2.205,2.2501597954690524
2.198,2.54086975821388
1.362,1.9174049020087551
1.784,2.3864829489270534
1.875,2.010930324963951
1.398,2.227409336660955
1.375,1.1185315173418005
4.25,2.9331307915130793
4.056,2.6609362120340876
1.388,1.8776690795225122
5.00001,3.351918252266266
1.621,2.24464196581922
0.514,0.9014366008493511
1.513,1.8449955988427575
0.948,1.6369502962777531
2.041,1.9188916718833653
3.615,3.254264392650981
0.851,1.571690663724631
1.384,1.1268222788358315
1.375,2.057565865228156
4.65,3.6881241612354216
2.718,2.4135484193871264
2.394,2.553974715462232
3.409,2.797544386143997
1.504,1.8539045625657522
1.281,1.0815874645091768
1.56,1.8522518000543897
2.581,3.098238257132394
0.905,1.4246318772124908
0.713,1.0443323247164216
2.197,2.0605114696628064
1.51,1.7597450934273482
2.901,1.896265023372088
1.42,2.016485599438127
2.915,1.8442863810169072
2.554,2.071147979571627
0.981,1.44277603303523
2.519,2.403725497017277
1.621,1.7266098459317334
1.294,1.8725118117001784
0.894,0.7256364130570319
1.505,1.8786128711213053
1.338,2.0882164715897744
0.804,0.8460960843296945
2.111,2.4622325775205383
2.556,2.4946816806325955
2.145,2.1889535134438773
5.00001,2.53922508924461
2.021,1.8769763366757815
0.815,1.1190117144007061
0.988,1.2997807011953597
2.819,2.9863747197851183
1.846,2.1845794811578827
2.547,1.7890926159450302
1.431,1.9421512802292682
1.625,1.5668682865683579
1.426,1.725606636938295
0.859,0.1946637163620295
1.869,2.693080791720682
0.713,1.2409240286555416
1.744,1.9532269937099684
2.25,2.1936236509612854
1.465,2.0082200466688533
4.05,3.326979434544228
1.896,2.0801084285974483
1.644,2.408994443959031
3.375,1.8382306119046703
0.725,0.7684447087915132
1.438,1.6140949346810913
1.6,1.5899636983746248
1.181,1.372638571336772
3.74,3.449662240645395
2.027,2.461816601441477
0.966,1.4954308435901567
0.658,0.7913581855527809
1.674,1.6077840082750328
1.798,1.9360420895811004
0.967,1.884167677394828
2.661,2.412443253652981
0.911,1.6261902585257246
0.498,0.7606505487996031
0.907,0.975041018260022
1.158,1.4924054693282827
2.786,2.682586814080352
2.5,1.6620203205099884
0.85,1.813387156051931
1.77,2.1204431972629365
0.997,1.5177695652369891
3.576,4.096001257631443
4.75,2.6265183079880288
2.736,3.0304933046637643
1.824,2.2131312474245206
1.578,1.8593113575320999
1.938,1.6427450555800647
3.336,2.824612248253267
2.646,2.3611463916505286
0.584,1.2320335109798037
1.734,1.9289923732177314
2.148,2.519147011678278
2.0,4.946137379254736
4.228,3.6668518292626047
0.936,1.4638287716867637
1.222,2.059267926726754
1.676,2.1157462661850417
3.036,2.3142217193553947
2.693,2.4524461451491675
2.644,2.3075593647469432
1.91,1.740760779396929
1.538,2.2100245441730877
2.755,2.980787035573556
2.088,1.5888280489837214
1.423,1.6467605899771272
0.635,1.1234679680131592
0.958,0.7616710856200584
2.317,1.9377168927853958
2.215,1.9968913303591904
0.895,1.4727312426811423
2.26,2.712105705065035
5.00001,6.801288273985385
2.702,2.8644523205024512
0.596,1.1837814693582303
1.933,2.0314184744811854
1.336,1.2912917551629377
1.619,2.5815820695370277
3.575,2.4562543339604375
2.765,2.2667480050483846
4.107,2.702790921745688
3.75,1.65454610963355
1.352,1.6799270980635157
1.672,1.7917488631281486
2.52,1.8414144115505593
3.084,3.829820249581587
1.721,1.5987181856195392
5.00001,3.404945536386549
1.938,1.7242316051697344
1.052,0.4660849883487117
0.908,1.1812249138036748
1.688,1.5096587656431595
1.621,1.4599839081560404
1.612,2.260846402164539
1.375,1.64981220806974
2.893,2.506424683699443
2.787,2.796985996833719
1.617,2.2407446373689055
2.31,2.649066295919539
0.875,0.8820853140279183
0.957,1.3508426913940212
2.406,2.8249173666767433
2.141,1.9690877675023302
4.286,3.6766676443067823
1.25,1.8415666791187917
0.764,0.34446708066531784
2.638,3.21774598618925
1.204,2.0353086975866432
1.091,1.1309081273244743
1.706,1.8397285813735706
2.574,2.88004964435558
3.2,2.9119966236498698
2.896,2.2086433844433486
3.073,2.73591557016978
3.255,2.9949530515667604
0.584,0.3805509968683154
0.485,-0.5910847565070441
2.167,1.3597694128445639
0.979,1.4071900671098376
1.586,1.4578148839968819
0.69,0.9321247706879419
3.223,3.048582430350443
4.677,3.4160187846336783
1.63,1.9753486939424292
2.871,2.7186391301608097
0.546,0.5792985590659399
0.904,1.1762920799672187
1.555,1.7833852941907793
1.75,1.7125393740905963
4.112,4.088092333574849
3.321,2.0954750268095097
1.412,2.05508984982923
2.471,2.872825259460697
1.53,1.5672814015811056
1.55,2.0653980879373535
3.908,0.867805839676862
0.9,1.0131006100527529
1.967,2.296450442119543
0.682,0.9824983915348042
5.00001,5.096408163745451
0.921,1.7266509555205545
2.979,2.393659306971827
5.00001,4.497722814211372
3.323,2.8180309013560603
1.711,2.505267323729882
1.521,2.4139466319341807
2.32,2.0668007516266513
1.271,0.4939039525341755
0.875,0.6352749296389462
2.034,2.3930080412803463
2.286,2.022661407287764
1.167,1.8183910082868167
4.167,5.766562333617131
2.276,3.000337979757859
2.679,3.00291018431286
0.972,1.7264799896647176
1.375,1.7336555585349203
1.988,1.851770955385561
0.686,0.7860424604994947
3.525,2.4516151162623885
1.038,1.6837798154077745
1.078,0.3535817173632907
1.317,1.4996478076666335
2.713,2.7929334150750336
0.973,1.8293403269643704
0.95,1.6894033439983716
0.675,1.233157093787824
3.261,2.6047084110877066
0.656,0.5389765757427654
2.256,2.3963474125324282
2.638,2.3990775376746356
3.483,2.7018121558658024
3.25,2.20492431743493
1.088,1.4431439068201257
4.0,2.9291369499012347
1.384,0.7371076675828903
0.61,1.1018613661764292
4.531,3.9351928831697194
5.00001,4.51457624653932
1.202,1.9858353567171108
3.292,2.7363638652184292
1.963,2.1490374651350166
1.5,1.4334008770178173
1.52,1.9170516285807153
1.699,1.7095714661660324
1.375,1.1981309961115798
2.83,2.463761346151969
4.045,2.8292497243038
1.935,2.4834346752603693
2.051,2.663364477828587
1.456,1.555950274393112
2.25,1.0501745190083227
2.159,2.3268576985975002
1.585,1.9828015388711222
1.247,1.9311815603019298
0.654,0.4570987837715066
2.802,2.6689816234870705
1.805,1.7012303081441402
1.054,1.6082926980163563
1.0,1.1753571317272602
1.663,1.591054670027468
1.58,3.170831081109931
2.438,2.4866818914613518
3.629,3.7221839950255102
2.019,2.5096347335243365
0.526,-0.6881221826726289
5.00001,2.8733336288439517
1.12,1.6876500782025659
2.25,2.1817830925784634
4.399,3.385570483140853
0.883,1.2269711903920708
5.00001,7.016410347708529
2.768,2.18636903270626
1.792,1.9869838642410542
1.997,2.0612541849127837
1.32,1.1445710657181039
0.613,1.427798414106178
1.719,2.5189183688061973
1.238,1.1541525770250871
1.353,1.1248742782884378
1.371,2.112995633313652
1.293,1.914679583202748
2.279,2.354174565538507
0.944,1.1768900292664881
1.035,1.9492425219493654
3.208,2.1296704734527765
1.25,3.7454535700306195
3.324,3.253019909587458
1.591,1.931543178788388
2.369,3.3035224929778053
4.616,4.097177916950102
1.569,1.9573036386394023
1.482,1.6955332243691004
1.665,1.8902435850209756
1.969,1.5158711779431542
1.678,1.922565923807582
1.267,0.9642895859737379
5.00001,2.3444598401408285
0.579,0.488753096733916
2.38,2.8352336420783573
1.42,2.2778662995592853
0.869,0.668657520829008
0.56,0.7134624036641526
5.00001,3.6993011058084306
1.124,1.7681151900244458
0.636,1.4210875165215953
4.313,3.908543298561213
2.659,1.7230026056466983
0.58,1.143254499837397
1.941,3.154155211930785
1.428,1.9618945712156588
1.787,1.7015992010390164
1.875,1.2890928132567439
2.25,2.392649664937565
3.13,2.706846619675595
5.00001,6.523495899921009
1.536,2.0489173954024196
0.623,1.034999424221155
1.945,1.4799773278494328
1.639,2.0639634624273455
3.988,3.5222289604601045
2.041,2.8012945836559027
1.993,2.8367546419723055
1.767,1.622759332970432
5.00001,4.4207892370904105
2.489,2.517762897083287
1.5,1.8319608901036801
2.317,2.036808036591488
0.58,0.749148584634483
1.26,1.1661550783966206
1.633,1.867274928272451
1.134,1.373715730746774
3.0,2.638989517246678
3.109,3.019795433333975
2.188,2.1600924565978445
0.704,1.156601410406303
2.377,2.9875977547430494
1.188,1.3250304798634502
0.731,0.43349353928051926
0.75,0.930329064451044
4.507,3.9748881957243682
2.402,2.621861884635294
0.658,0.6921939142901294
0.647,0.25947044522531826
1.751,2.472284170647576
2.237,2.121594002945784
0.963,1.3569602709176039
4.051,3.248030966691026
3.768,3.093157992624967
5.00001,5.432126733327536
3.5,2.2394115161090653
1.625,1.416779331830675
1.773,2.0105153458164793
0.984,1.2987466710063273
1.388,0.43620801710292767
1.75,2.5305650020735513
2.609,2.2050962633524733
1.047,0.33143258169118184
1.595,2.3208118744295803
2.959,2.819313367055422
1.375,2.2017927242890067
5.00001,3.8089515017736346
2.27,2.5683177140745457
2.639,2.016727647737767
1.604,1.6555843543140725
1.42,1.9459029710374693
1.625,2.2667592387815745
2.304,2.1767784386598663
5.00001,3.863440752072748
2.177,2.6685876886124476
1.83,2.28996297685449
2.458,2.1311427675203163
1.292,1.3653952536187504
0.604,0.5102912369374408
0.675,1.1438256547431038
2.952,2.730460295264166
1.926,2.6535769177100335
1.506,2.141625553006243
1.257,1.8765237875748255
0.634,0.8975523659648132
1.513,1.4001933216486862
2.456,3.045128226510897
5.00001,5.226939569568515
1.655,2.4633926811673774
1.135,1.4219549136732539
3.222,2.27123327552286
3.625,2.2731188215367197
0.696,0.8974290749621474
1.561,1.9326040512530582
0.875,1.584136807424045
1.931,2.0361130480573664
2.18,2.280489691586695
1.018,1.6487842128200256
1.291,1.4532186449958502
1.563,1.4838252917468395
1.832,2.325208203317956
1.481,1.8135488635528247
5.00001,6.913557001141285
2.221,2.895970854787059
1.676,2.2447409927793345
1.845,1.6815884446852962
3.7,2.533557180773606
2.394,2.4617780410875554
1.667,2.155014620500168
2.333,1.546872216203134
2.4,2.1293901460269
0.913,0.419262115363928
4.835,3.9647122842002247
1.505,2.254673549961339
0.995,1.0136398380911302
2.402,1.8416691008718473
0.955,1.9044027472603844
5.00001,4.895849343793252
2.516,2.3321770961647914
1.208,1.0365803436210612
1.357,1.4851791293975722
2.254,2.755017976761664
5.00001,2.330676709762635
0.851,0.17059786064642424
5.00001,2.838834545164495
1.648,1.9851218078812067
1.116,0.9940685326250787
1.61,1.3918581504502185
2.137,2.315601367391274
1.165,1.0085656450600382
3.5,5.277552315280879
1.599,2.4972522275633153
4.383,1.980888702575669
1.711,2.4345031465775193
2.711,2.2436380052010207
5.00001,1.9108669679259478
0.68,1.4020604760395372
1.917,1.8424188800457557
2.559,2.786579607503164
1.125,1.6878748601451932
1.822,1.8864846515976126
3.476,2.8485594877609586
3.32,2.941048892409647
1.109,1.1848601644564525
2.119,2.079591586604458
2.625,2.4150186401510396
2.379,2.3828068233132242
0.9,1.8563442356783852
4.272,2.6931749323544025
3.705,2.9661606868217305
1.163,0.7692658689666061
1.708,1.6863272519726422
2.855,3.2872556820401115
1.115,1.6455467558705976
0.832,1.5725398612065646
2.482,2.647496187765867
3.955,2.863441758179256
2.183,1.8710768869363221
5.00001,3.894261966726944
0.889,0.7514515063068075
1.81,1.9980623452473552
2.809,3.20789722563552
3.453,1.982903863316949
1.81,2.3652802748939266
1.922,2.6581166764379915
0.781,0.1187957746024324
0.75,0.8564740449852835
4.333,3.812334034874752
1.601,2.015719397153603
1.092,1.063475347597084
0.962,1.3988257866691924
1.914,1.4684032929933721
3.6,0.9491284335341845
1.856,2.524083105596361
1.188,0.8013933865457687
1.227,1.4056018117977018
2.063,2.0634259149160314
1.956,1.8443661330820333
0.756,1.7020388534416426
1.043,0.972927415660827
3.859,2.363458458617707
1.139,1.7844521829653388
0.794,1.5867546380650381
0.813,0.8880393292106987
1.292,1.9487904539946683
0.735,0.9159443075558897
1.759,2.317241891534003
1.424,2.048905316504822
2.341,1.9255907463039748
2.867,2.4295106199271714
0.925,1.4679946569774742
1.701,1.9639336793252369
1.618,2.2355624080078016
2.253,2.6442809201636024
1.706,1.7657994259134568
3.194,2.076894219012395
0.958,1.5385758976710235
0.734,0.925908148690219
0.936,0.7394743429529953
0.517,0.7328992229186682
3.587,2.251131127307616
0.647,0.7480358978533204
3.442,2.8810192348839365
3.14,3.0073414418578963
1.857,1.9793402956314736
2.793,2.5642898029156953
1.194,2.2113174843018584
2.804,3.024962971039784
1.871,2.1413465022856215
0.838,0.8034699774977128
3.093,2.1275671612150404
2.292,2.8670732303522755
2.45,2.154310037753376
2.276,3.032401235296163
5.00001,2.8520873253731267
3.208,2.4670524685055994
1.473,1.2556804358745524
1.623,2.4123347705713485
2.659,3.045659069742321
5.00001,3.756642591369122
1.891,2.2257583214537746
3.164,3.2047098738368973
1.819,1.7497183341711278
2.615,2.0465211908726033
0.69,0.7150780470897189
1.813,2.064252041749917
2.93,2.7395870047959647
1.111,1.7245674114059142
2.183,2.72382850446467
1.472,1.644628327947565
2.438,1.8341906809596153
2.23,2.140293211054562
1.375,1.6052281274562148
0.606,0.253053368462524
2.75,0.04997083469650221
3.5,2.0369817881478554
1.712,1.6970893079921439
0.835,2.0114710469067987
2.25,2.2763833459078455
1.656,1.9651428420941315
1.52,2.1255678863165315
1.92,2.0813226117205303
2.542,2.912603233222221
1.5,1.0489623689099403
2.125,2.330159546968794
0.804,0.20271659405128162
2.065,2.964467247226878
3.311,3.3791852085947554
2.014,2.937330303589789
1.884,1.7441435332362474
1.954,2.311791622790743
4.425,4.047299882408602
1.527,2.8998321977232493
5.00001,5.228901045898553
2.398,2.767295536415034
1.594,1.3024016704720438
0.918,0.9936816675083762
2.409,2.7347230939873413
1.364,1.6902704197801839
1.036,1.4912253061714154
1.325,1.6189176764672482
2.929,2.4341602269415503
0.628,1.2709441352151032
1.121,1.9546695666566123
0.891,1.572720904697988
1.207,0.9926616519204572
4.714,2.603803802961579
3.147,2.68269403016248
2.264,2.4584372576288303
4.097,2.431968777139936
1.49,1.3695953098659928
1.717,2.91691541970377
2.355,3.0540354559960434
3.228,2.6464890481860834
2.445,2.8795685682129104
1.622,1.545536724370713
3.409,3.2095640621241586
0.574,1.0318174754384941
1.989,2.0448610820861504
1.097,2.0610831567857772
1.375,1.3850248099109095
0.857,1.1612295489729263
0.983,0.8010129101195744
1.782,2.1134406499858116
1.375,1.501927945819169
2.75,2.6050939897877683
3.815,3.192560614428494
5.00001,4.047534319769959
5.00001,4.796042433861146
1.792,0.7067408873617467
2.045,2.434414405925324
3.941,3.3685902137079964
1.844,1.9638422857805153
1.74,1.8977118480512942
0.807,1.2644365036047631
1.896,2.337058437310496
0.6,1.1853351645342514
1.266,1.7326782961878067
2.625,2.0776361910320276
1.392,1.9864504922208468
0.513,0.53181147918081
2.292,2.971486934161746
1.011,1.7740592540086837
0.977,1.3000255750750043
1.583,1.4400417530191376
3.491,3.55514434140013
0.855,1.4220055669490534
2.141,2.7436270428425757
2.271,2.5558432563227456
1.557,1.5374929011922163
0.668,0.9763269322854455
2.073,2.6316276528628464
2.228,1.8944763200446673
3.545,2.2680703814055363
3.405,2.310682803328042
0.529,0.8769484527074951
1.406,2.133713048835581
1.508,1.5644609871743071
0.561,-1.0137928122566748
2.596,2.8095959494481946
3.189,2.5131327506639494
1.484,2.5371493946318964
2.899,2.320901877847902
1.618,2.504722148289652
2.55,1.8270432540401558
0.875,1.264958916468757
2.45,2.797531410441991
3.05,2.074223971236904
2.15,2.193636048688276
2.49,2.27121671639685
5.00001,6.8386054420858855
3.2,1.9984666437098113
1.74,2.450970591231062
2.925,2.8486208273127076
5.00001,4.043900900012623
2.899,3.028117473758172
4.384,3.074640834981942
1.82,2.256727003831209
1.705,0.7767446904580737
0.692,1.1700844867861875
0.956,1.498491723928744
2.728,3.13805115900832
0.813,2.139321603202198
2.724,2.6532659804316623
1.526,2.175233736289101
0.559,1.2270630013808344
2.135,2.4172749414781123
3.313,1.5025888078380234
2.018,2.3390391292006427
0.571,1.2476711860467589
3.318,2.544896143795178
3.659,2.3124605006458125
1.275,1.3155556959267045
1.118,1.0742751912534416
3.537,2.8098799747592196
2.293,2.4785020418265375
0.875,1.1735012546545036
2.375,1.7138094838284843
1.133,0.5163306948261948
1.125,1.0099563499071778
1.385,1.0729006151924096
3.074,2.135143684060573
1.009,1.7620648105866792
0.978,1.0808336279028268
1.767,1.9581476757059022
2.18,2.1803868788556358
2.906,2.2146968964073253
1.577,2.21662383389976
3.48,3.317166315267542
0.672,1.288217952055028
2.604,1.9886905106419235
1.236,1.224248718415403
0.675,0.7521962013421941
1.307,1.3293533030863003
0.66,0.5097090050919206
1.666,2.476042434040423
2.256,2.1130762915102324
2.571,1.9749321892809348
5.00001,5.346940194962691
1.139,1.868437565902596
0.91,1.6007131353345727
2.174,1.9070853664500333
0.96,1.0030924998203048
1.292,0.7925765481422644
3.502,3.2294373337715
4.421,4.965818788044352
2.229,1.5169195206340973
0.813,1.0483254154331405
1.606,1.8761440452057627
5.00001,3.2159841798600652
3.412,3.2429500475095807
2.879,3.118569547449958
3.447,3.502316046500816
1.8,2.435791786364831
1.678,2.362358643453348
0.55,0.9246761920117166
0.508,1.0695591982920547
1.426,2.1225290008692568
2.358,2.3496406273041472
1.127,1.917860608464352
2.102,2.4505506632944005
2.107,1.7698752069396804
0.654,0.888460674019619
1.625,1.8314146894598977
1.503,1.4667741521165567
5.00001,2.7671791637636076
1.014,1.9858140360775138
2.218,2.1793431333459807
2.603,2.433344055090771
1.788,1.6427662741087872
1.704,1.7687835527409135
3.194,3.288396872285567
1.906,2.5365107526707575
1.841,1.7966777961546256
1.911,1.9576096168765034
1.496,2.689873253512836
5.00001,3.0870527751222525
1.834,2.1726849353951465
4.441,3.5803082124348293
2.427,2.3864637591482136
0.762,1.1686399355102637
1.329,2.2506705686998174
4.098,2.1919566406759685
1.125,1.021554308681921
3.766,3.145257083515176
0.505,1.3522896744695174
5.00001,3.2871438326419735
2.095,2.305628463464359
0.778,0.31992695413404704
2.997,2.9587778633473505
3.75,2.440789082419407
1.565,1.6339171010545712
2.4,2.4147544044468745
0.772,0.575878923596953
0.985,1.1899225689529942
5.00001,2.4452097830799815
1.104,2.0544717851912964
0.864,1.7802845285968445
2.304,1.8485378127616485
1.639,1.9819570671468227
5.00001,3.9936124718172863
0.495,0.18884811483797392
1.074,1.8713380686521432
3.625,2.3453757596783404
1.45,1.7787794717329817
2.185,2.2974253328128924
1.301,1.8600506397378496
1.46,2.0613459436768693
1.525,0.9662444454921584
4.572,3.5970317488882273
1.652,2.197939173017076
3.947,2.031952619596815
1.444,2.0502773260187155
1.366,1.3231197970088573
2.164,2.7111484041070426
1.39,1.4184435690879695
1.038,0.714246198417456
4.885,3.2215321812904847
2.271,2.1532903069372082
2.38,1.9071361842117511
2.156,3.0849399384097893
2.923,3.2889239255458733
1.459,1.9312915234186576
1.873,1.4727480732272795
1.854,1.068503284101169
2.8,1.6539857855906277
1.411,1.8663523052108957
1.909,1.9837656891843025
2.625,1.9769413461678766
4.42,3.0043084022943134
2.748,3.097790477088445
0.855,1.0222318189503952
2.318,2.8892689825457722
3.02,2.9935542858105535
2.358,2.947408749357649
0.722,0.9673967833761594
1.824,2.1870263767360427
5.00001,3.2634926412468417
0.787,0.6411546945437152
1.813,1.5542559192855023
1.98,2.2147600932259834
1.996,2.085953985035374
0.633,0.9957721374110378
0.94,1.21802271451147
1.868,2.3303484580923026
1.17,2.0611999914340515
1.178,1.7647672208110308
1.21,1.6111320720692675
2.309,2.4105992140141694
4.273,2.680254012284699
1.281,1.37763005970762
3.847,2.096439968714378
2.904,2.7111998049511215
0.913,1.0973628156577746
0.619,0.8811582604710111
2.322,2.518546437339033
1.296,1.1873972894511553
1.275,1.2333145901602833
1.505,2.094937865743077
1.875,1.6403011043279392
4.379,4.329282901122454
1.265,2.115837101080402
4.534,4.105994925623662
2.294,2.5412129853792607
3.649,2.8183254338467947
1.919,1.977288250103797
0.875,0.9355809570815126
0.3,1.8034139719444795
3.357,2.6452513819110166
2.421,2.028435774477188
1.737,2.3058537271802635
0.541,0.5034431158228898
2.078,2.519386534307273
1.125,0.4204454242678253
1.667,2.1026537550169095
2.718,2.840538361838547
1.411,2.348882624460188
3.75,1.3271783346426176
1.616,1.5940607686263135
1.594,2.2704342568997475
0.863,1.3493536667338475
2.563,2.8678124851044657
2.132,1.8323412036012598
2.541,2.180156765701753
1.326,1.8629843873008909
1.693,1.1430038338584723
3.477,2.705408394109064
1.597,1.92136701013618
0.909,1.8533553837339127
2.905,2.397456697221628
1.899,2.1116159843560425
4.956,4.00126568405414
3.333,3.5042376804615003
1.838,2.0474386239885902
1.89,1.7362530651669914
1.575,1.0799116172504313
0.666,1.1603541016402872
1.324,1.7631099873334577
1.56,1.9451994535079464
3.481,2.170852705623659
2.264,2.8884077427760673
0.742,0.3032225280480674
1.583,1.639341392667383
5.00001,4.83332091435669
1.655,1.8080960747330366
3.295,2.3092548802533557
1.396,1.9325573146162682
1.529,2.0511707654370355
3.673,2.6580266106367247
0.7,0.7413253230094696
0.974,1.84900898676554
0.659,0.9668117000299432
0.493,0.8591299598081363
1.541,1.8608871955509088
2.728,1.949044925854487
2.471,2.7749831361492454
2.688,1.5729859776957227
2.476,2.040574106306586
4.168,3.3110018321488326
1.216,1.3865772052002114
1.717,2.114719264052667
1.738,2.164285532518093
2.356,2.5567935991073227
2.601,2.357042109329157
2.0,1.8649656974595032
2.966,2.636295858946994
3.746,2.156594139054583
1.778,2.5987176767881763
2.695,2.5372105378095284
0.62,1.2931244139028237
1.976,2.051901689093512
0.527,1.1914230767011134
1.914,2.3611214883988225
3.177,2.8381548781397754
3.294,2.336418898643089
3.307,3.165048097674024
1.874,2.599376849511671
2.865,2.118415255594172
5.00001,1.3199543096253663
1.339,2.090547725602967
1.998,2.55950178397552
0.45,-0.15023192339564417
3.546,3.4614367884282444
2.638,2.7318187027932765
2.784,1.9649505558115266
1.604,1.7097304414323844
2.413,2.76634647583748
2.083,1.9295231106318909
2.636,2.873150597335382
1.45,2.083467913717236
1.325,2.0453446945680085
1.838,1.8140287413070766
0.811,1.229601874474973
1.765,1.9442329153290956
2.555,2.0185289843092846
1.661,2.1725859653072277
1.02,1.6020373670856145
0.861,1.494102318973411
1.006,0.5319283747468333
5.0,2.4673741715783777
2.099,3.0001482221409788
0.525,1.0320231863121734
2.629,1.989313005755271
1.588,1.9545887976182357
2.095,1.5349714831191648
3.5,1.6284783229987099
2.171,2.6333197136284525
1.414,1.3023746325536436
0.934,0.8656509676454576
1.982,1.7506463667288443
1.872,1.7398748254222411
1.853,1.8185301065066994
5.00001,6.6597654192731
2.813,3.0618534916507514
1.036,1.79158524283946
2.879,3.011928530147891
2.083,1.7613408789124776
1.75,2.9505786913845498
1.327,1.823896497215955
1.72,1.6015185321613146
5.00001,4.740622478993892
0.64,0.5165828466139288
2.279,2.1770647586595047
0.631,0.9522777048186697
0.841,1.5230465485176126
3.392,2.819936234722171
1.563,1.248562141102859
3.836,2.6571135293214
1.371,1.8189304886259379
0.568,1.153595343237555
0.7,1.3453377023463844
0.963,1.0404065955849262
0.926,1.6845167804837686
3.591,3.1010348141550708
1.587,2.2281084544215233
5.00001,2.984001894367573
1.146,2.23362997709539
4.102,3.3554878169813023
2.819,1.861204899053135
1.017,0.6199223130436948
1.693,2.072590286530314
2.078,1.9967589543290387
3.272,2.5186927371086654
2.779,2.439240872520216
1.114,1.0815059154968196
0.806,1.6427325299052171
2.075,2.6131954777389836
2.753,2.5284699417259517
4.21,3.0844007686018955
1.288,1.2967196127000875
3.139,2.546879261529753
0.676,1.610695792659591
0.644,1.1766615037002097
1.539,1.8172846850189046
1.307,0.9417809819385425
2.385,1.9605730051707795
3.796,3.3560166811621173
1.465,1.674601543981339
1.503,2.2474099572233683
0.803,1.5365737537484137
2.933,0.6455219763191806
2.88,2.7022568414822103
1.441,2.2362415362336847
1.27,1.5189027130973045
1.521,2.105696583774346
1.568,0.8034408023478505
1.049,0.9720232125824992
5.00001,5.4309046503171885
1.344,2.09799778085047
5.00001,5.7373464515573005
2.728,3.0029311321837326
1.516,0.8536016150471113
3.626,2.2947693492952936
1.692,2.23053575696823
1.404,1.984721952276466
0.437,0.9023390877473574
1.36,2.5637675911181645
2.644,2.692171368968239
1.522,2.1333175928266073
1.375,1.6566679342554096
2.147,1.4521149422810637
1.709,2.25943691015668
2.362,2.2999199709171307
2.978,2.4736974806604834
0.885,0.9551479670350389
1.276,1.646220898478937
0.802,0.9960810671481113
3.06,2.504151714132284
4.364,2.051414969598362
2.389,2.4202877119818567
2.317,3.147273407775117
1.229,1.6662110359116724
2.182,2.476940611476806
3.97,4.909029640578581
2.603,1.6472597114033931
4.357,3.1804910959940713
1.64,2.3941534690719593
4.405,3.0233527293253246
0.854,1.1375700265570003
1.019,0.9682529544450915
1.594,2.1298164018310075
1.903,2.606780925136789
1.0,1.381930829689658
1.396,1.5307999254853257
5.00001,4.87031168687782
1.545,2.7034220479554847
1.705,2.0999113607324844
1.106,1.3910297381406806
1.912,2.6016197025467136
2.872,3.4590441337960414
1.501,1.9874345491374825
2.383,2.3000106593617105
1.542,0.9523389148009187
2.805,2.4166837618366657
1.619,2.5757405365181114
2.656,2.7689484636049926
1.227,2.3718121743884524
2.312,2.7267316607636047
3.191,2.567872410546343
2.313,2.2885020186589315
5.00001,4.582956406334709
1.212,1.2581037570467402
2.225,2.311131579821563
4.5,3.109237248453141
1.021,1.4167234062752314
2.012,2.281943917319488
1.042,0.8722236195376709
5.00001,5.4335072986372595
1.32,1.9216989627714725
2.211,2.515286738724285
1.516,1.9516044080028436
1.469,1.5473979881303777
1.512,2.1258707076912344
1.651,2.2482591992767738
2.136,2.674414498363369
2.135,2.0072198795168177
5.00001,3.4187564859365835
4.38,3.4359306602146518
1.838,2.4375559910522
3.5,2.611867811860094
1.593,1.0104687195683368
1.291,1.6750457261150444
0.766,1.109576878523832
2.25,1.9526066857170292
2.308,1.7035967787413995
4.318,3.8349014317427432
1.91,3.0105043534655422
0.847,1.2627976073522404
1.525,1.257761480439207
0.676,0.5680820224031606
1.982,2.0808383436757723
3.063,2.0418353685559367
1.221,2.0610446460799636
2.761,2.125468779964123
1.03,0.991559091684401
4.091,3.0186955546186525
1.352,1.8345794998226452
1.216,1.117450305055975
1.828,1.724329724244967
2.28,1.7920004446856197
1.1,1.1010237573496013
1.112,0.8239987381149234
0.847,1.2039980989159105
4.473,3.8802400862703905
0.883,0.7968769942910825
0.871,1.3800001627275904
1.875,2.203347911463169
1.469,1.7319146199780846
1.031,1.2950656130928238
3.437,3.669489192169074
0.982,2.177835429000247
2.625,1.832362723828311
0.774,0.41931177495941796
1.351,2.156163730235164
1.347,1.1198336196262915
2.313,1.6309430925939097
1.586,1.6670903723139148
1.016,0.9085306012050651
1.22,1.7566191881194584
3.8,3.4603520053325454
1.894,1.7409038845223463
4.4,3.3149253879198355
0.7,1.305015294486907
0.7,1.198645536936077
3.335,2.7009255835171118
1.018,1.4919082568703317
5.00001,6.925866970689597
3.605,2.816555669648082
1.695,1.7101883731951588
2.056,1.6391940666811138
1.663,1.8732287912742223
0.325,0.8050781775831979
3.627,3.1492645918798985
1.745,1.636244026180222
1.976,1.9643274489908151
1.83,2.3810116161132484
1.583,1.5695503341320887
1.002,1.8398533042536087
0.875,0.9385643903427336
4.611,2.181510346029995
1.902,2.883994297371167
2.323,1.8516527973505248
2.216,2.7381701237509617
2.269,2.264515744488328
2.242,2.3414558621978756
1.198,1.7494147099277981
0.782,1.1453856787499248
1.651,1.5559268445366783
2.139,3.4818955016120015
0.697,0.6629427836741755
1.058,1.6085582371021587
0.75,1.2168680381833568
0.917,1.3685654156976739
2.695,2.793863167086265
0.682,0.9714205055864369
1.658,1.7797804016334808
1.546,1.6785501076191878
4.727,3.2755634329614836
3.459,3.67352726675896
2.307,2.8914993200182977
3.0,1.6420068719337593
2.494,2.275120159240693
4.357,2.6292647486486587
2.258,2.2526256347331355
1.75,1.2176696405930016
1.784,1.3016583609546544
2.76,2.4579869450914344
1.159,0.7234104672188764
2.143,1.3025467901882735
1.183,0.6578076066077472
5.00001,2.101225574404694
1.521,2.1161923537272003
1.404,2.231555392322228
2.226,2.005896098266966
4.445,3.1092997078279367
5.0,3.4268870349198934
1.633,1.552567388206974
1.938,2.598372001850116
0.905,1.4086768952853177
1.152,1.751727140404384
1.47,1.6786265015731274
2.739,2.822258995954705
1.909,2.1651085878748546
0.748,0.9195593625773739
5.00001,1.6428702306306278
1.185,1.459850527282569
5.00001,1.115227446676478
0.55,2.1195309010856818
0.584,1.263458741070842
0.958,1.2128101395087754
0.992,1.6156717648915944
1.674,3.0133561486941574
0.705,1.066216706719139
0.675,0.9911685659169294
0.757,1.2248917792241798
1.83,2.037987128682616
5.00001,4.803171264550095
0.973,1.370954185897844
2.3,2.5932449753321976
0.829,1.5577086201886985
0.522,1.2012824583351716
1.148,1.9695447945973683
0.88,1.6452520845472307
2.242,2.255100353600305
1.5,1.7328454681893248
3.417,2.9503172544744416
1.817,1.9201983494618915
1.406,1.7238356500527345
0.727,0.5076543948881209
2.109,1.8873431240733893
0.977,0.5445583079267351
1.097,0.850334800431618
1.656,1.88847747407209
2.306,1.8633205369255634
1.638,1.9387419386157134
0.958,0.3484716302959612
0.481,0.34204105562832154
0.444,0.8054535274508225
2.379,2.9342910100999475
2.848,3.4310147881570714
1.648,1.5082938128130223
2.0,1.6264919515806682
0.778,0.9700413799423089
1.86,1.9046498640256218
1.697,1.8873740188845218
4.188,2.287269823349291
0.733,0.9357671929684628
0.87,1.735321196614514
1.682,2.377501071705673
1.543,1.9270459403181306
2.25,4.013246765300842
3.33,2.8724325117654743
2.259,2.1979396516469194
1.381,1.6395830789761021
1.127,1.3398990968022702
2.316,2.2553810671670433
4.191,2.3090194876876
2.211,1.8670642995582298
1.554,1.608839483712707
1.517,1.1433817456707445
2.489,3.2641708882023224
1.532,0.8299887254225524
1.265,1.5096051922831535
2.4,2.3658191609828805
1.861,2.0625423483602034
5.00001,4.073928489657831
1.816,1.5665367952093874
1.781,2.326810710713289
0.692,0.7928939425134303
0.668,0.7854256871220713
5.00001,4.278286490973365
1.813,2.3634253523710598
3.964,3.596162466498356
1.875,2.511468960156833
2.979,3.1668381944115893
3.454,2.6209652405267647
2.451,2.527813445953612
1.055,1.5824597199934587
1.011,0.7891422337756495
1.417,1.7622182536937672
4.309,3.1127075340662955
2.863,2.1692062716146694
1.13,1.362014908278745
4.667,3.76239297602266
1.686,1.8794715877662895
3.605,2.620186938909498
2.564,2.4639206502247717
1.139,1.9717040000154427
3.504,3.21279953137914
2.091,2.3724552048265366
1.315,1.7132590031082842
2.167,2.8452110080851867
1.013,0.9147105914164939
2.028,2.27548145440889
1.176,1.9477536705730571
2.926,2.549855217226856
5.00001,6.0772048487847385
1.303,1.3368044165801862
0.924,0.7349890806786732
1.125,1.4435603761002653
1.542,1.0673094487657195
1.04,1.1200185570781969
1.216,1.8264394925537601
2.063,1.9858561041827159
1.083,1.612863096763256
3.494,3.245919966064008
0.833,-0.05302600075295061
2.458,2.8678409408340144
0.915,1.6526535767488397
5.00001,4.692415118343028
5.00001,2.122872116269093
1.905,1.7567051674922354
1.083,1.3801066123903212
0.896,1.0335827191494147
5.00001,5.085385145474206
0.946,1.771655632793518
0.675,4.236214666883569
1.775,2.617545214270919
2.613,2.651504408008172
5.00001,1.991782400303805
1.684,2.519441332304048
2.453,2.6906606921928073
2.4,3.0901779064611716
1.565,1.3292021611485723
5.00001,2.282016356534392
2.356,2.5590583857963907
1.856,2.4494003755554985
3.167,1.6980173290224414
1.188,0.3311769915611862
2.485,2.428939431950397
2.365,2.451385839247493
0.946,1.1281923276461185
1.768,1.8770608478633832
1.486,1.8221410395033644
1.953,2.4318112837897488
2.159,2.655453744432748
1.266,2.308836442831428
1.739,1.7232034702375572
1.83,1.787039172698485
0.743,1.0373774342626376
2.247,2.205758522624876
1.016,1.4877466848176724
3.91,3.0492709846207617
2.65,2.1896302781273533
5.00001,4.306058670192513
1.865,2.6235969799448355
0.78,0.6334427941352061
0.808,1.1377145159682343
1.896,2.387699499402416
1.992,2.2685121614730903
1.896,2.4889024737081584
1.6,1.9824867234045698
3.753,3.8985194350212424
1.667,1.7492063985515784
2.156,2.284265828899322
2.286,2.463626534851791
1.713,2.050057561109888
4.31,3.5135482888258807
2.751,2.7594310955436967
2.768,3.519298633810344
0.463,0.8585104156470109
1.44,1.5507752239552062
0.943,0.645274577803967
1.576,1.3385601570628864
1.945,2.273493595288336
3.511,2.098159324239141
4.534,2.0384763939980957
2.246,1.8038677038563193
1.556,1.8830439513447885
2.42,4.113904644025332
0.7,1.576793531257131
0.713,1.2535219622749523
0.668,1.001614526975672
1.531,2.517271075145736
1.375,1.7640215786937077
2.304,2.6523038922938014
2.422,2.884069702975488
3.019,2.543331917012239
4.158,3.175528195379229
1.565,2.125586833920181
0.786,0.34343115717783945
4.414,3.674133766924683
1.843,1.9812183719895344
2.765,3.2197711644987734
2.328,1.9486033235017928
0.604,0.8156236876825602
2.241,2.1759387200860516
4.39,2.973724848567805
1.231,0.7301586325055851
2.557,2.9661382337082287
0.576,0.6661412432289779
1.998,2.490962479074966
0.513,0.9553015423616813
3.482,3.448850129911108
3.628,3.2137956458533523
2.403,2.391782191622873
0.736,1.1695411116131424
1.726,1.7834738375229833
2.29,2.294597652136808
1.663,2.019984363027838
0.833,1.0611266818425875
5.00001,3.957902819021349
3.329,3.135147310726758
0.543,1.240041756971607
2.417,2.424028465127229
3.875,3.0711213284364263
1.364,1.7207050785642153
0.983,2.116194636386062
1.76,1.878813755567684
0.63,0.8365684176911614
2.369,1.9093724393597356
0.972,1.8692038417494174
2.2,1.3557932718225914
1.058,1.627864912349807
2.709,2.9297876945491907
0.994,1.5032274475442975
1.663,1.552039283281296
1.438,1.7144942356511805
1.406,1.9554394384576668
3.309,3.0714259481094714
1.569,2.1298267205442656
5.00001,3.444200496041404
1.625,0.8504890029903578
1.248,0.7516591386681597
2.161,1.558260469448058
1.714,1.8445431295561292
3.256,2.7205778831506393
1.098,1.0308255604087435
2.762,2.5505469938212997
1.299,1.6287909408313581
2.923,2.4062751677714473
3.415,3.185675657561248
0.668,0.41491999265464585
2.388,2.241646178508354
0.774,0.6768422505098712
0.824,0.26683484218278153
3.599,2.96206300539518
4.657,3.402699443635818
2.14,2.310852390316512
1.071,1.4253075703083766
1.578,2.2828133977096314
1.193,1.8818961081633958
2.329,2.3599941056626577
1.795,2.4367249504473207
0.701,0.4635897906642441
0.55,0.6225812487129261
0.659,0.8275441391072249
0.996,1.145166802749607
5.00001,4.730248435881094
1.641,2.492699653474375
0.77,0.6836402966627517
1.403,1.0054908986926705
1.729,1.4112175991162346
5.00001,2.0685796304928203
3.143,1.9745779168579958
5.00001,2.628819137035819
5.00001,5.8951457583626805
1.43,1.7161687642519539
2.806,2.3865032445417427
3.75,2.0796248340786576
1.375,1.5887169329102093
3.371,3.2232832685517536
1.28,1.3695801561734413
1.854,1.9511143475641504
0.63,0.6244273466569723
1.095,2.3412573692328777
4.0,1.2077841622699452
1.519,2.596130676861563
0.563,0.62665045146273
1.025,0.4824295072592477
2.25,2.1319234715844075
1.455,1.99524681189029
3.631,2.303368237412755
2.49,1.8102870728623799
4.153,3.311841977824571
2.674,2.487587318738491
0.75,1.121765534248624
2.5,2.1777436507992647
1.618,1.4469080686017577
0.975,0.6955215583991787
1.115,1.8620145030868969
0.873,0.8834100968849157
2.729,1.8920872965476576
1.244,0.9797168405519514
2.287,2.8951611662390206
2.295,2.6939453415720607
1.625,1.9006333137213645
0.8,2.112208029071624
1.188,1.6913148730371148
2.442,3.2814391971229213
1.875,2.1769651896213134
2.46,2.324861677211125
1.026,1.3452783906772154
1.167,0.7200360421677843
1.375,1.1713021591460517
1.719,2.8283983914937636
1.031,1.359536425390644
2.391,2.4643643248447304
1.94,2.465923789300959
2.199,2.1588121521134624
3.8,3.7870670781973033
1.557,1.7215595554221892
0.899,0.3772012872447448
0.893,1.8111462671814564
0.55,0.6456735476093698
0.498,0.9728108611643052
1.464,1.6961298196574646
2.78,3.148978318559564
2.887,3.318175472351335
1.292,2.194042243570948
2.216,2.569357170661668
0.856,2.820240387471557
1.604,1.9422794889787127
0.576,0.5966764241592557
3.485,2.549479637855164
1.994,2.7298650618066915
0.971,1.6035432505896878
0.581,1.1337721508211729
3.01,2.65268450233269
0.742,1.4149343210036491
2.494,1.9234382831098529
2.67,2.7319657343541692
1.199,1.1891977689066593
0.777,0.38433186818907217
1.434,1.453825589365458
0.612,0.5795311490468791
2.068,2.412117965661487
3.282,3.0142922569577024
3.606,2.677780945654291
1.078,1.6915751976261149
0.515,0.46596263507706226
0.675,1.1116191799856594
1.841,1.7156618934128005
2.0,1.756064260696789
3.54,1.6144711485109724
3.938,2.00308494954691
1.321,2.119432137731245
3.065,2.8442901912601144
1.349,1.6127299100147852
3.193,3.094716016035875
3.039,2.6412898752805773
3.5,1.574149134522841
2.312,2.445351660398785
1.313,2.3546291642936694
1.208,1.876400130667136
1.352,1.1035212357278894
0.689,1.3768148360124073
4.25,2.665978917563649
1.605,1.7441132011097622
1.51,2.086036513665597
3.495,3.913816067017457
0.602,1.005983340345793
3.964,2.9365346311369365
2.785,2.3712453398246467
2.393,1.077273256006464
2.249,2.199141190020427
0.913,1.4050342749991174
1.114,1.4854009170914892
1.508,1.749104658582155
0.647,0.6272095387810737
3.588,2.9211152432455734
2.328,2.482704368935856
0.544,-0.13469451197737925
0.982,0.8755994489490888
2.258,2.1296403625931077
1.161,1.939527936622369
1.964,1.9320741609358834
1.232,0.7186887858365907
1.564,2.519550786679112
1.668,2.120197132062181
2.159,2.1312982978229016
1.173,1.6004574752187821
2.432,1.5808879534196336
0.729,1.2988315826528805
1.917,2.3627190374043536
0.6,1.550451444215561
1.954,2.2601126794838535
1.116,2.0091188590032374
2.685,2.22581061288912
2.6,2.556110868589194
0.894,0.9758907002509432
2.352,3.3911179967365186
3.861,2.0599558024080125
1.875,1.5280377755741483
2.234,2.033130590352691
1.203,1.9518960922388047
1.358,1.0231572629042986
3.074,2.2848204200758175
3.268,2.7621496570645476
0.703,0.36837953430600834
0.682,0.8017644013700505
1.146,0.8790529946634678
1.772,2.6831627441299304
0.819,1.303746594956806
0.906,1.742601877720844
0.568,0.9952695017695987
3.238,2.9894305005625412
2.444,1.045446839990852
1.443,1.708981724138738
1.642,1.5120321654411555
2.376,2.9058176445026973
2.43,2.5585869211843146
0.833,1.1252879717641235
0.875,2.132042918550738
1.317,1.4706752249154391
0.47,0.4138804893876511
1.953,1.9196602334367867
1.841,2.1744531468842467
1.288,0.5639390065031975
1.182,0.5139303077491704
2.128,1.7389683777605427
1.413,0.66649989878848
2.271,1.873305680709592
0.808,2.265257580968388
2.013,2.0123567739443544
1.833,1.9342341066408508
1.55,1.6539518581273427
1.438,2.0309390307308917
1.375,2.566748808896797
2.801,1.801507531314094
2.459,2.4601387568579938
2.436,2.137118341081866
1.03,1.6180517326332549
1.038,0.9802477460839896
2.359,1.8288775465861775
1.619,2.303390969933652
3.944,2.341714857840458
1.458,1.2072633707903435
1.848,2.5111293479925507
2.423,2.3511873075193535
3.355,2.1610165858592936
1.655,1.4134859178465575
2.048,3.1355907331225836
1.597,1.2490606774119826
1.691,1.5369841345500816
4.786,2.3027004818478787
2.589,2.1437397017809374
3.24,2.4443201285534286
1.031,0.5829235908478552
1.381,1.592605007874397
0.916,1.30931632860203
2.289,3.008564012366243
1.388,1.447107572667683
2.522,2.208529833703089
4.203,3.511914036660592
2.436,2.8211776081535405
1.421,1.825216771417523
0.675,0.9487174829301139
0.928,1.8184481280988507
1.908,2.447633081217269
2.239,2.0341697386673445
1.434,1.8778389581409698
1.327,0.3667451655188003
0.99,1.1483545491496017
0.677,0.770263300171635
2.274,2.875332335859973
2.286,2.4316716822739366
1.358,1.5851574047536943
3.621,3.154825381910939
2.813,2.6610821875618527
5.00001,5.019110514023595
0.906,1.7807459708426023
0.663,1.183550632063259
1.502,1.3060363228198995
1.703,1.702946816634487
0.993,0.09873187460782873
3.229,2.5837583608279857
2.132,0.6137914331854546
2.17,2.31293916383013
2.679,1.9341477410220946
2.063,1.8212340438837913
3.768,2.347315288075535
0.875,0.785057748224915
3.047,2.395288129304589
4.602,2.8887252736462017
1.285,1.598137552402676
2.846,3.2542862512477555
1.196,1.5255231821463724
2.086,2.218860646086185
1.175,2.339746868332959
0.669,0.826733436330457
2.048,1.7920300263632427
0.746,1.2525847057951296
1.091,1.5818766995363376
1.143,1.9545142776518176
3.083,2.4999451227672154
1.13,1.1435543697805457
0.917,0.6343236681613007
1.342,1.5925378124475955
4.25,2.050100506550393
0.539,0.81647073651542
3.106,2.2807588519027746
2.417,2.3003629501057645
2.268,2.640671734529988
1.008,2.070774740775853
2.38,2.1536880382866173
2.455,2.021159175354768
1.565,2.340459795869883
1.156,2.5710003836456323
0.664,1.0391990189244353
0.588,1.0562574921521986
2.236,2.1590796716304155
1.693,2.207100209814058
1.667,1.4112135690487335
2.25,2.4852665993606635
0.726,0.803143333299225
1.603,2.040546257556869
1.475,1.4927636854971738
0.912,1.5753090946795183
2.083,1.5030054471719723
3.353,2.3476146907815334
0.58,0.3720341037741335
2.265,1.9924292489155135
3.452,3.845050103244901
1.068,1.302869960039871
5.00001,0.8516218046365296
2.75,2.4022311380956936
0.958,0.9710580623013456
0.972,1.5768179399528819
1.55,1.4570747817238043
4.0,3.9007663572561952
5.00001,1.8764196858179574
3.043,3.033799713236313
3.592,3.1636069003869736
1.447,1.7232528616298168
3.528,2.3429154636609226
3.556,2.832055717042806
0.991,1.5917338088002069
2.504,2.293225957347758
1.056,1.3109947448859813
5.00001,3.995830354469078
1.62,1.9611282628417115
2.722,2.878682229049076
2.459,3.2261278284622534
1.833,1.8650210344926634
2.207,2.8422466963308537
1.61,2.293026939307417
3.039,3.0467280015563816
2.662,2.2640977999320953
0.901,1.2447284670444887
0.875,1.5635383243224013
2.094,1.8697952299612979
1.887,1.7937743819464558
1.014,1.653971392494654
3.875,3.6659270787569085
3.591,2.644397484988936
3.273,1.9789126819376435
2.792,2.4220358812572584
2.336,3.1619269921094357
1.635,2.730746256922835
1.242,2.3315424798743507
4.5,2.4290719297129257
1.119,1.5816373617180375
0.908,1.508875004214076
1.206,2.6323206956962792
4.838,3.1975282819143587
3.667,2.3735051309307664
2.01,1.9919191877255429
3.336,2.7317777996372143
3.625,2.1559968748038685
1.701,1.9419728028467418
2.467,2.8693047303849113
1.612,1.8561984690956876
1.47,1.0052932441178584
1.179,1.8617433858207306
1.113,0.8275591468196808
2.665,2.6449925583631497
1.135,1.6269052647525228
3.291,2.3388286809839443
5.00001,2.978236512074446
2.365,1.8951123606284028
1.222,1.3179113263133075
0.819,0.33748001174593867
3.864,3.329883070428046
1.848,2.1196223692659046
1.607,2.806800527100094
1.016,1.1018109842934933
4.24,3.1729379087774277
2.625,2.657117616454002
3.694,2.156922106119069
1.151,2.245788873743926
2.817,2.1993184695929813
0.981,1.6695072630795238
1.311,1.7936318157703255
2.518,2.1258592539406607
2.327,2.6606669091274284
1.392,1.2034300239787399
0.715,1.2699448396841575
3.405,2.834096721469365
2.708,2.1889000694046032
1.556,1.601334849890776
0.892,1.0151990597412848
1.67,2.478208319853465
1.031,0.8085591618543759
1.805,2.285920112141774
0.512,1.0783181200604304
2.046,2.393878441940849
3.872,2.1502565751921807
1.625,1.53656048374431
1.204,1.604900595970534
1.397,1.3297534603968728
0.982,1.1311732718856646
2.694,2.935807016579858
2.691,2.311446849249144
5.00001,2.8008804493392674
0.496,0.774507253022982
0.58,0.7990198204093417
0.659,0.911199653682317
1.754,2.3202477642037778
3.918,3.426665239996069
2.808,2.0845217153697817
0.907,1.5243194352321296
5.00001,5.054819316147032
0.923,1.6391592163837814
2.271,2.755251378591254
1.625,1.5826709224236026
2.909,2.9621490525336185
1.831,1.893083291324544
2.832,3.272700589735102
1.774,2.730071560936743
2.387,2.745409547748004
3.213,2.4686459644340317
2.615,2.848900831507038
0.993,1.6295475321247679
2.261,2.4964071569760478
0.517,0.5783454983188534
1.569,1.9866985816848484
1.609,2.0158220313709023
2.224,2.212666192206889
3.052,2.770789432286449
1.388,1.9998754133842738
2.307,2.8546526998963486
0.943,1.2956481120829082
0.972,1.6129846682578943
3.821,2.771875535829963
1.932,2.560347272993347
2.095,1.8603344975753515
2.314,1.9154843379115505
0.893,1.8564691195895549
1.961,2.2020208355702806
1.135,1.129940860029464
1.784,2.3215922774030204
4.065,2.423152145711626
2.282,2.3204166056412703
2.348,2.3431126117990217
2.313,2.036396999227712
5.00001,3.8037527295871314
1.841,2.0565666675815635
2.137,2.6297233059417024
5.00001,4.016239456591691
1.692,1.9881233900067272
2.324,2.6550794973734
3.517,3.774673923210017
2.346,2.1190161435070394
1.125,2.1068357635864956
1.452,1.5676702086720908
0.872,1.0531153896778136
0.535,0.8535018494218818
0.438,1.0695941372838575
0.942,0.13075918993077806
2.188,1.3220867692626612
1.919,2.052701712875084
1.322,1.7933335799928898
0.468,1.1344167303501536
1.497,2.46055392599677
1.263,1.5836028589465698
2.559,2.6646553066886653
0.945,1.413142214196455
2.371,2.400938658709485
5.00001,3.119946683985461
0.875,1.6812043394178886
1.266,1.0634605499622438
2.451,2.616851014742231
1.574,1.9698621546825734
0.784,0.891491176766948
2.181,2.1977810387308097
3.5,2.2432599546609637
1.984,1.9233060615246345
1.439,1.6241183326086457
3.379,3.0187883756728624
0.763,1.2902524479438355
1.601,2.2953558235064193
1.306,1.6415946963222154
1.125,1.3569338933250492
3.292,2.6972764781242304
2.333,1.8893944859610272
0.992,1.5715563818511313
1.979,1.9708870367385813
2.041,3.062999151074962
3.5,2.7270156131914334
0.621,1.1855923866725178
1.404,1.3466275213119658
1.521,2.2866815184508127
1.305,0.18966453955133744
1.951,2.488797689412891
1.995,2.4325451532757967
1.375,1.686534209462593
2.75,2.119584949434774
1.229,2.2426091277260127
1.09,1.5739533508591421
1.217,1.024084875492214
3.02,3.3032827646019314
2.417,1.9591602894581186
1.532,2.2438921492351156
1.693,2.6888253780074365
3.585,3.965409236917516
1.75,1.953277832655516
1.125,1.1624087476715204
3.76,3.6389139591467483
1.188,0.7503461880538111
4.01,3.2327527834837966
1.079,0.9484426022163461
3.397,2.4569697021707952
1.58,2.1148645278359623
4.688,2.898234045079967
0.631,0.8080201135338783
1.846,2.188070924468832
1.897,2.3888792508327654
1.909,2.110426575016781
0.675,1.7203384727761204
0.853,1.3169562476576147
1.736,2.2430504381105294
1.297,1.6067240951506392
1.81,2.5697298442687924
5.00001,6.988095146716944
3.762,3.6356014612061784
2.43,2.713586186794622
1.482,1.4660009967005436
2.381,2.9629079779478147
4.5,2.9712095436980874
2.4,2.7001083074666354
5.00001,1.5475304901227105
2.741,2.6158160530101853
1.901,2.6441881127628264
2.684,2.7424184429380034
3.493,2.170701551109204
2.757,2.4745952888424014
1.828,2.002940515091538
5.00001,5.911645942703423
2.132,2.1587183456953696
1.795,2.412675255992937
1.385,1.3639564230961767
1.813,1.4889152834178176
3.405,2.143619948634388
2.25,1.9459680093835559
0.683,1.031992500137811
2.379,2.72498806076765
1.497,1.843681661990857
1.258,1.9241183508752826
0.876,1.7770933288578163
1.25,1.5675470958231372
1.688,1.1372574633940644
1.35,2.1601876922019017
0.863,1.3441737970052827
0.649,1.0834490122193472
1.063,1.7622861776198135
2.857,3.0232561299364917
2.724,3.130575878117078
2.177,2.7884297363077337
0.918,1.7935824404657694
1.63,2.038775393639206
1.951,2.1609239437903014
0.325,0.8413489893776998
2.753,1.879606820392958
1.369,1.6656041054004262
1.941,2.268516970023967
2.302,2.2026180448655523
1.436,1.3588406386760425
0.396,0.7401181344407775
0.598,0.37659938303799123
2.107,2.4526215139756786
1.563,0.8940439631881958
2.156,2.2647425439294366
1.775,1.7330495132026371
2.189,2.112392449943627
1.284,1.8408818569304302
1.906,1.731035137018722
3.983,2.516467136431274
3.671,1.6278709763621038
1.225,1.8757294085568859
3.761,1.599972821030775
1.576,1.640928294618277
1.781,1.4769013643160847
0.724,0.7451213438378446
2.876,2.6785719638456484
1.75,1.701824660824549
2.808,2.0455587727244833
1.605,2.1285740906374144
1.586,1.8787137507476501
1.443,1.528760681448098
1.363,1.8457089063594125
2.182,2.5343711042509796
4.664,3.2779457782453107
3.861,4.548419771868986
2.512,1.8791907394094096
1.904,1.7639029054437572
2.231,2.354501750641056
3.61,2.41070717205983
2.75,0.7189039302936067
0.708,1.0959868880656387
4.6,2.3757655050559237
0.675,1.0233057564225305
2.25,1.0772946837484128
1.761,2.057235936510999
0.524,0.6682838532723352
1.676,2.4392207039160354
0.997,1.3366797058716244
0.889,1.5026132040821878
2.237,2.3341178917060574
1.805,2.1444877512910736
0.932,1.5808861789515163
1.738,1.7122819137503384
4.908,3.8747924653302235
1.042,1.481935325665404
2.761,2.268846836353319
2.547,2.506472509334017
2.123,2.7611409970623413
0.875,1.5842541111354578
0.942,1.4825699372249517
1.635,2.584865238709142
5.00001,2.398402255980997
1.25,1.6822311215060353
1.823,1.916905675353192
1.117,1.4463728599870294
1.46,1.6682090296994403
5.00001,4.015481947402705
3.205,2.8381307136709424
0.48,1.012181336229908
1.688,2.956424618119982
0.675,0.4486004984113876
1.731,1.5838343039261318
1.5,1.1907226218917302
3.292,2.8225025745566654
1.41,1.7536790486543339
3.78,3.3055116899262202
0.802,0.477400517468233
2.033,1.94997611812407
3.949,4.030328437953429
0.845,1.1891416880570702
3.273,2.0042524484311883
2.012,2.010232651512233
1.625,2.4448058352857487
2.66,3.096658199719215
2.212,2.6028025179870866
1.765,2.1274547282947935
2.063,2.265541626729224
5.00001,3.0657075730003527
1.867,2.0161414876653367
1.125,2.5686777439658997
0.905,1.1958855707686311
1.908,2.172861896029346
1.988,1.554442172453541
1.656,1.9246751099248982
5.00001,3.962118101628235
1.457,2.2395088289548895
0.913,1.2382635177054553
1.404,1.9784609174482881
1.917,1.9340797822448081
0.611,0.7628629092075343
1.53,1.5856430609783843
0.855,1.3651653742454073
1.645,0.9988116987173257
3.862,3.5593268158717137
3.413,3.2587947250639147
2.464,2.3362821523956327
1.218,1.7145756904405332
1.325,2.00460059364012
0.98,1.7102040788361066
2.414,2.2902392277507744
1.713,2.5125708007758476
1.201,1.3554936501271797
5.00001,6.7304271232803
1.927,1.643989238465295
2.328,2.2040840297718702
1.918,2.190384165148231
1.963,2.4395562272712255
2.939,2.9521026213654267
0.846,1.7111947022583252
5.00001,4.060169209330965
5.00001,3.8153333751983567
1.073,2.1431857669810626
1.5,2.451829323431248
2.042,2.362329881100109
2.683,3.272305300308446
1.035,0.6631800309814082
1.615,1.771819483969594
2.224,2.092136145731452
1.669,1.656118865088871
2.292,2.2666778290273584
2.059,1.7433891417144096
0.955,0.5256021229157142
1.625,2.5666705026705685
2.407,2.375816425252907
0.828,1.4062490916139865
2.302,1.3510388059527259
1.859,1.7177411494337846
1.058,1.3149160611489208
1.188,1.4155217875975765
1.944,2.2561571434287515
1.833,2.115822228143955
2.925,2.069980963652533
1.442,1.7983386951954472
5.00001,2.42690758622615
1.342,2.1977548950842376
0.528,0.7335252712176157
1.887,2.1522063943695002
2.04,2.2564617332150405
1.795,2.0092891047276
0.989,1.1588254470457287
2.799,2.2454044001537454
3.277,2.6439009743762796
2.08,1.7069186162180614
2.083,2.4879254412256273
1.125,3.594882949279878
2.347,3.0724514601720117
2.145,2.2412397810666036
3.385,3.1470918165620603
5.00001,7.087367294146382
2.841,2.4536550771196985
5.00001,3.9784870953107188
1.813,1.5697725257292134
1.25,1.7141005176730673
4.125,1.9362106366637093
1.125,0.9127553926935832
0.903,-0.22592301531837222
0.96,1.8925513534116902
1.425,1.8810909372308302
2.663,2.676174635292284
1.65,1.6951928858793934
1.18,1.7231833915976864
1.564,2.388775993212512
4.268,4.252422077473533
3.086,2.5519833762351993
2.392,0.9537426991924747
1.094,1.788849480184929
0.666,0.8539208388917103
3.685,3.1016509711867926
3.305,3.420176850095771
2.736,2.6652447267948247
5.00001,4.732621057469316
3.211,3.268168843859513
2.426,1.7461355695415506
2.319,2.501074226803034
1.514,2.516690185271834
2.278,2.4256857126389164
3.8,3.2841826753630627
0.952,1.95102550960776
1.939,2.0896887876448105
2.607,2.405102563234614
1.91,1.580215605163687
0.649,1.1117470121654591
1.283,1.918445621263949
1.898,2.3137447423812745
1.833,1.8440251006697679
1.518,0.2934277693895453
2.573,2.0166514695723166
1.375,-0.0775179905469372
1.25,1.0407932819833334
2.181,2.151609329528462
1.681,2.2886789932615628
2.318,1.5884466409106466
1.49,1.9338041385147875
1.703,2.321327272582934
3.913,2.8002243140332865
2.823,2.4925723799695945
5.00001,3.7264231943981088
1.354,0.945150063382961
3.284,2.498888489536988
3.5,1.754568269901739
1.823,2.0747511256839886
5.00001,5.516621073982449
1.92,1.6451157110910586
2.408,2.7250617929550245
1.75,2.291068525288779
1.264,1.5723688217029732
1.259,1.6026203888401724
1.947,2.411538751774131
3.418,3.383095224888457
2.119,1.7698698549801648
1.375,0.12754348119822367
2.706,2.134024563088772
1.723,2.006097448677856
2.621,1.8931827738862808
1.491,1.7369210824586787
3.391,2.549662005670001
2.486,2.4323941736832424
1.287,2.2503357288098016
3.439,2.398838046409189
1.75,1.7326116790696773
2.875,2.0696075122768463
1.436,2.3304262773263957
3.462,2.7334673785245442
2.322,2.986310062899136
2.0,2.324405473880894
2.415,2.340212807461171
0.675,0.8569663117491118
1.917,0.9477995577749425
1.783,2.213167821201168
1.782,2.3932258494092835
1.332,1.611033473389341
2.738,2.727387341221011
1.522,1.7855331676125274
1.871,2.2060011867107576
1.375,1.1078853184386617
1.104,1.4375789119684939
2.406,1.6730403745531532
1.625,1.7272340718668389
0.838,0.848568596880952
2.656,2.75851468177148
2.115,2.5632644419007065
1.734,2.370122387092536
3.1,1.2624205847030154
0.995,1.7414747666295725
1.914,2.311609783175115
2.201,1.9587387244863805
1.673,2.3160560287179024
0.65,1.0730809365497151
1.418,2.304857211711756
2.906,2.177122107867973
3.192,2.4580155368548873
1.188,1.4996259252567796
2.0,1.7003346937652282
2.195,1.8508998147845048
2.894,3.1505977881012868
1.164,1.6910037702651906
1.623,2.2204881896558533
1.141,1.250797978869386
0.713,1.2400703528568187
1.905,2.3298943780305947
1.973,2.359253156393386
0.722,0.5892401769558617
1.033,2.059792406241229
1.43,1.5910956104594334
2.449,2.081621930496418
5.00001,3.5297539796107955
1.833,1.7645616407977727
0.861,1.9682498670549151
2.184,2.5244364226126663
1.108,1.3580446403870923
2.113,1.9828827250446324
3.388,3.156937961577377
1.231,0.8502841446226128
2.695,1.178785103183074
3.214,1.9882925281003452
0.819,1.1639355613033757
5.00001,4.694533491428686
3.046,2.671330844158561
0.729,1.0142191286696942
1.58,1.967809324285902
0.622,1.1560443858454263
1.163,-0.5436108742486212
3.141,1.5175577634297497
3.625,2.780756209020133
5.00001,3.892362102341309
0.741,1.679484245219946
1.5,1.8144969229012062
2.7,2.9067809977292782
1.208,1.3412263238154551
2.5,2.890427153701779
0.722,1.325630172181242
3.75,2.375570226741587
2.396,2.783383601376052
1.833,2.173481970757024
1.612,2.4685972120573823
2.51,2.391173727541556
0.455,1.1455951311538541
1.781,2.024144289577521
2.589,2.7576047738004092
1.458,2.1070297916244556
0.847,0.30610800916382175
2.167,1.7694257882559725
1.304,1.0787887734009303
1.585,1.6277989909933979
1.178,0.8705968363709147
2.15,2.3753439976480806
2.686,2.6149779833042217
1.0,1.1683004517974993
3.327,3.979291906570282
1.867,1.7369335234749101
0.53,1.0551642214714292
1.497,2.134518654105989
3.458,2.605078715346778
1.245,1.2470256883484439
4.758,5.031470420898891
5.00001,3.296937067289427
5.00001,5.696450769972614
1.759,2.2910066076068176
1.833,2.4065726689332294
2.531,2.9378824168240314
1.178,1.7820304037614818
1.435,1.7751448511284025
5.00001,2.933279148132918
1.423,0.6156660316997673
1.21,1.8833914344883453
2.688,2.4045714697410503
3.302,2.9011072827019504
1.218,1.8086860048470896
4.169,2.9406295927695183
2.667,3.097711063093179
1.894,1.8730051332288156
4.436,3.0050517809920265
1.63,1.6466809083786416
3.825,2.982223416349001
1.063,1.5652634014431257
0.578,-0.017063731614314293
0.575,-0.26111958530957935
2.38,2.1895923969079334
2.189,2.588289616567913
1.186,1.5234297598003224
3.091,2.9056490867027165
2.132,2.3054064863535046
1.802,1.88241928448209
4.708,2.8808710242256126
3.372,1.2375432632966508
0.953,1.2476833701737604
1.039,1.704909369890288
5.00001,2.4118180035578476
2.15,2.050137005355708
1.894,2.16973173124164
1.714,1.7960820108127677
3.57,2.620787233291537
1.962,2.3488361559534994
0.985,1.4024564554651207
1.788,1.997696575867927
2.266,2.376941502955951
1.714,1.9200032211715268
2.714,2.021548347432642
2.168,2.5630942884868304
0.679,1.6877401062214616
1.713,1.756934186327463
1.109,1.596655599450692
3.325,2.680839287876296
1.5,1.559326601338455
1.734,2.5765096000753047
2.375,2.918664971337641
0.658,1.505817257403713
1.731,2.343278141497038
3.212,2.4877781898839615
2.65,2.36206882920051
0.875,0.3957385805020337
2.103,2.67636543633985
2.478,2.3787171841301102
3.757,3.2806120922784885
1.137,0.630632631287348
5.00001,3.8090756702204445
0.456,0.8785294486292372
1.306,0.9609536859014227
1.986,2.08971294887904
4.367,2.6041902077447148
0.926,1.3380124365231794
1.5,1.6998915890491944
3.599,2.8131074433662064
5.00001,4.904656457007206
0.938,1.4588930243935465
3.833,3.352879375293611
1.917,1.7468819429967013
2.672,2.796224702576737
2.802,2.2818766484407575
0.521,0.8521304318810508
1.102,0.744909150542874
1.646,1.3867186309735828
3.248,3.3938638112537376
1.227,1.6156240679438412
2.167,1.934417100234839
0.736,1.5917780341525898
2.541,2.378693912632123
1.875,1.6801644861269338
1.66,2.673218230795463
1.579,2.0310311803949617
1.938,1.9805386438235075
1.408,1.4133668882346626
0.953,0.9286675583928883
2.27,3.011246867818393
2.656,2.606764823214789
0.902,2.011687599571843
1.832,1.8315318083838648
1.846,1.896554003215627
1.625,1.733076618646109
1.25,1.2314599305696987
0.972,1.5289249982624185
3.553,2.0192717990160176
1.362,1.788094722794753
1.25,1.7299800637350629
3.056,3.209125623354957
1.766,1.6864738199085778
3.486,2.8401993786047655
2.992,2.6521339058142885
0.721,1.3926412401355819
1.095,2.0258044876121986
2.811,2.2387441289225762
1.563,1.6969729954652024
2.342,2.349805468304524
0.597,1.2809950047476235
2.5,2.807971393707973
2.033,1.6765317516806917
1.731,1.7981651767397793
3.003,2.7646088248970244
2.38,2.199405033981222
1.79,2.0746596683372474
1.66,2.466111315713249
1.607,2.109573553719038
1.475,1.5393551581461082
1.921,1.6927743714614678
0.564,0.6779103716579797
3.048,2.270637567980941
4.398,3.266046079542953
1.375,1.586318976121973
1.375,1.473389335711488
1.346,1.604341197290971
2.625,2.5576059650734777
0.834,1.1841273199874323
1.135,0.9300046652104541
0.714,1.5500191578903326
2.045,2.3145498409162144
2.824,3.014417900155955
1.457,2.035039362049119
2.647,3.141383874819681
2.75,1.8181188536247817
1.716,1.709130636483117
2.167,1.578342720720073
1.807,1.8904907121542536
2.125,0.008425388752456797
1.677,1.9861320910321751
0.425,0.9699158555033591
2.384,2.0839813264333245
1.44,0.5391739592884903
0.436,0.9313226156792709
3.635,2.4625995123342364
1.862,2.272094354365045
0.675,0.6247752447213983
1.596,2.613143290699618
1.956,1.6522317448767083
1.548,2.1041060861020853
4.507,3.9513856822194526
0.699,0.9062366252231584
1.322,1.7756727123761138
3.28,3.6213482702441624
2.728,2.7374436808403004
0.663,1.0066718395287353
1.293,1.4040957292350669
0.771,0.6460963296953395
1.555,1.8226401315919247
1.26,1.5794506370038732
2.403,1.9821287867225124
1.33,1.4686986361836247
0.949,1.1487123437153954
2.039,2.165315740814279
0.61,0.6622204582127225
1.392,1.625788906283553
2.292,1.632330359323845
2.606,2.9925514333750485
2.511,1.9410435570807607
3.276,2.7005311389027185
1.679,2.398410349742413
2.12,2.1900260274989876
2.333,2.347731251449815
2.554,2.7104374381578467
0.675,1.2817313962595023
1.62,2.124284526674579
1.172,1.8482386921363059
1.097,0.6814243042852013
2.75,1.2412173236822923
1.118,0.448866449448424
1.66,2.1727295442948744
0.927,0.959613333467928
1.86,2.590880905710506
0.973,1.4824252533782243
2.413,2.915765340762327
2.585,2.8379591161674824
1.382,2.177108782405462
1.961,2.6190762883011587
4.192,4.255322489081927
1.388,2.060168834816885
3.766,3.2953540920948186
1.651,2.3954259881756172
1.818,1.5391635535304644
2.118,2.029780865976953
1.125,2.1075180760231262
1.443,2.044520705805965
2.22,2.5635720801954847
0.536,0.4696656607042371
1.308,2.234315245855967
2.276,2.5928591635205294
2.75,2.4636448260222963
1.919,2.008524193810082
0.641,1.1175618921701016
0.681,1.1601829315175252
2.552,2.350702563046802
2.441,2.943302376994936
3.37,2.3353635157185835
2.083,1.25382846695679
5.00001,4.2044845557578014
1.721,1.7956688282225883
1.289,0.9392696938772502
1.449,1.542173864780601
0.72,0.6015753467015301
1.429,1.9255694328779427
4.361,2.756158876776439
2.042,1.9678656044282405
1.957,2.6371825971470173
0.905,1.151908866853681
2.361,1.636397145814449
1.869,1.8576387745538696
1.625,1.7531695701677776
1.125,1.4062995022826286
0.58,1.2788564943125635
3.074,3.2904497651628404
3.538,2.6926026051988146
2.909,2.6667557730579006
3.586,2.7547450409876504
2.462,2.3043032323158315
0.721,1.5933260703130188
1.075,1.6357801367798999
0.786,1.1378962306327054
1.876,2.528788062765763
0.979,0.8583679108908271
1.866,2.211977526621297
1.969,1.842381586156975
1.115,1.3127067875486347
1.563,2.3575219907128755
2.182,2.760437698252275
2.935,4.216765373805174
0.59,1.4503296881995382
1.628,1.6904148125565328
1.029,1.378310735128224
0.543,0.960839304589804
1.663,1.6598532550488159
1.525,1.62862540762697
1.426,1.8000408231511145
1.5,1.7424655578586865
0.844,0.9808767378675185
2.1,1.466635040512216
1.375,1.7020903757398074
3.5,2.45098238274592
1.719,0.5649157615460965
1.431,1.8656858403325174
4.523,3.086667503847991
1.76,2.0508716038508723
1.127,1.3394445281969638
0.684,1.2072519735356835
1.907,2.1934231850198955
3.318,3.9056192185243503
1.84,2.250371647334134
1.625,1.0829357927511793
1.294,2.0532963759747176
1.728,2.0397188968442066
1.911,2.1960023690658517
2.949,3.100505330188348
1.886,2.1173500883047893
0.638,0.8128447779304864
4.661,4.068655414322485
1.868,2.0668128899114393
1.393,2.122744032924942
3.303,2.323231994845713
2.848,2.659329255905419
1.988,2.142152991188631
0.693,0.8346553025585024
1.455,1.6352747816590778
1.662,2.148394798220174
2.738,2.4124951645082433
1.49,1.5559446774317536
2.154,2.780854772719458
2.878,3.161224448933069
4.063,2.8423969249744445
1.603,1.8653051568780796
2.4,2.7344615750994805
0.609,1.2695614773851673
1.423,1.7584006725686976
0.848,0.8969650722151457
2.054,2.670840074848968
3.968,2.559769985104559
1.354,1.5587688756832492
1.154,1.7980415565829162
1.625,2.1204320678509063
4.25,1.8868276450004444
1.143,1.4532366449254397
5.00001,5.395265770842201
5.00001,3.894590230683818
0.487,0.7647076071729728
2.947,2.723655071248672
3.005,1.9902197768916778
3.432,2.1502162350319693
0.92,1.414409971309091
2.781,2.920710469995072
3.809,3.3393443698101635
3.398,2.217497850843543
0.968,1.4695709780902462
2.7,1.8484305959307719
1.9,2.3909636973860913
1.813,1.6625346059433213
1.006,1.5393406374127068
1.708,1.4422319867216586
1.527,1.9078102368781984
3.536,2.302714534023096
2.0,1.489305633840175
2.134,2.347562958750146
1.531,2.027984901425185
3.797,2.224634627322345
2.75,2.138464147913318
0.786,2.0748809346018646
1.883,2.7112647298550456
1.38,1.8213229265831714
5.00001,4.353204717331174
1.974,1.8817888312009288
2.446,2.4876614974431632
1.653,2.4625601569927866
3.004,3.0440944901773292
0.882,1.2981766852551573
5.00001,4.918301284444098
1.631,1.8039574010101944
1.919,2.6731288356725997
3.553,3.2087617148836998
4.303,3.017000055139249
0.427,0.7255521375395944
3.781,3.3508580379170994
2.64,2.186111454725058
1.119,2.3737593755640916
2.245,2.214932664658008
1.25,2.0223394658674465
0.641,0.046917123606249334
0.884,0.7113679344758737
3.892,2.481102862901359
1.938,0.7426934831461054
5.00001,2.38356083084755
1.875,4.272431827064622
2.103,2.4465220190284285
2.128,2.310833850188118
1.775,1.6364125711942918
1.813,1.058959969290747
1.595,2.158171740795872
1.775,2.043016039325053
1.161,1.303497134568154
5.00001,2.677067672241222
1.625,1.6052052123680696
1.355,1.8343266517929138
0.996,1.8904779470727675
1.185,1.5751439678957908
1.569,1.3250372050923929
1.472,1.767856309139681
0.858,0.7896619081444385
5.00001,2.128359595952901
1.709,1.6388541163053745
2.579,3.1853663258630576
1.643,2.1230869855542522
4.389,2.396287555465868
0.98,1.5669161378192697
2.887,2.9537043179082545
2.032,2.200955877614639
2.836,2.396452869983939
1.625,2.2436269959266184
0.953,1.6711629223743714
1.617,2.10018274276063
1.875,1.7531363033460394
1.58,1.6558036705919648
4.561,2.783447260238063
1.029,1.8007913913021198
1.654,2.2044589395525307
0.544,0.7000048045247453
1.472,1.6700619157886507
0.95,1.460354391692249
1.43,2.012849394602199
0.972,1.01882482623612
1.129,1.417930081730212
1.733,2.148406202899359
3.931,3.1583570421703087
0.63,0.6003698523151542
2.973,2.7551269946344377
2.421,1.9360668023120908
2.939,3.1036603202110413
1.131,1.6964159562510588
1.372,1.5631822147759493
2.971,1.7899717069809
2.435,2.5635258624473636
0.988,0.2745445241695492
2.448,2.5169854370187608
3.278,2.731492528945708
4.375,2.837914578325922
1.635,1.8287128514025923
1.024,2.03532067624252
1.122,1.3963593870881752
1.659,2.7332727518370987
2.5,2.287063186121017
1.581,1.978664915976637
0.875,0.5166574432609536
1.35,1.5799071347834541
0.795,1.0399781592692108
1.621,1.2192913171882935
2.284,1.6893259166977757
1.406,1.6026045710803558
0.713,1.3759974472728729
2.663,2.8137906317649097
0.813,0.5208580240836795
1.85,2.554436643041278
3.293,3.7559624564206473
1.688,1.6303954995864203
1.104,2.1728071384010974
5.00001,2.5413688103174934
0.857,1.2996732225978889
0.633,0.5642937583533225
5.00001,4.954517755206773
1.838,1.6427555192238543
1.507,1.591111501635467
2.429,2.798627159361139
3.267,2.951937685665875
2.204,2.214609594307106
2.407,2.604622104156199
5.00001,5.638317811293973
0.984,1.5737478874412645
1.669,1.9223483109063437
2.054,2.628891292958855
0.901,1.209777158138806
1.898,1.8285899853185654
1.625,-0.010430738729667155
3.337,2.104902739700499
0.851,1.4533097664706602
1.344,1.462604384909774
1.446,1.7704777763359445
2.15,1.7940249627096847
0.975,1.7709437909168244
2.1,2.243976565643841
3.12,3.211548280091911
3.0,2.2801652893250264
2.024,2.39728909291955
2.541,3.23443002550691
1.16,1.543928848399581
1.67,1.6928149130677568
3.969,3.2832067023485294
2.27,1.7127478451880194
5.00001,2.8117851012196695
5.00001,4.712246778234302
1.99,1.7839805168458795
3.691,3.6259126127277312
0.225,1.4178314272265524
0.957,1.2451833032849038
3.659,4.0536341539077085
2.158,2.2870849230633468
2.055,1.92387167507799
5.00001,3.3477503168259233
2.508,2.1364386677555274
3.636,3.592948116529165
2.942,2.7634666768044838
1.714,1.579095969191222
2.613,2.659821529639146
1.149,1.214253180636824
2.584,2.2026160140602613
1.063,1.2348068607541904
0.989,1.4414398294520936
2.42,2.3351032035354464
1.461,1.6576639531803394
1.546,2.0595675706167853
1.975,1.7027034291303451
2.896,2.72782023008439
3.257,2.3302486598323284
0.533,1.0396576083530604
0.878,1.2387340971819896
1.783,1.6521168117295346
1.971,2.617799160247678
1.234,1.8992516600634417
2.929,2.763203813881823
1.098,1.8382960325550783
1.242,2.158410167686
0.573,1.108356771509925
4.047,3.2695995450952466
1.875,1.8196353911684469
0.637,0.5783521167374985
1.012,1.6356807783859963
5.0,3.1742720967989015
0.455,0.42129677822153155
4.635,3.1318216724619674
1.813,2.701058752318474
3.074,2.0041370899720334
3.718,4.2714969507918354
0.56,1.275170873525198
2.893,2.269718042342504
1.282,1.5207018935050627
2.714,2.607396929547704
1.821,2.5425234365601597
2.194,2.90457386027704
0.784,1.2055366426534206
0.961,0.9628100814992777
3.947,3.4809716212266224
2.225,2.6103760543987633
0.875,1.2265479827453731
1.375,2.1162114375936767
2.461,2.0130329913751694
1.757,2.25460008646764
1.641,1.8012119041665002
1.328,1.6312315616886437
1.292,0.9962622879101275
2.241,2.125398060643235
1.039,1.129251427446512
1.128,0.9875878414139834
2.438,1.6490520602156877
0.886,1.1077565849703177
1.861,2.8629131138034722
1.861,0.9287916424617535
1.609,1.5011198316757017
1.492,1.5071357953016573
0.764,0.2067178833142762
5.00001,3.1666028044584067
0.956,0.9908813146721798
2.375,2.40227686757175
4.183,3.3048531304925675
1.975,2.4128303819579813
0.664,0.7135147538885889
2.69,3.4289040008755265
2.19,2.085501451878706
1.569,2.0111852957131546
1.342,2.162384198570919
2.042,1.9074168749225464
2.188,2.289840236723137
1.818,2.4940136122900896
1.685,1.9993201059110461
2.992,2.3871024494796202
1.66,1.5278857077816852
1.935,1.9387446759289588
2.125,1.738477530784877
3.862,2.5667506365139445
2.684,2.1573009327763657
1.281,2.0628384598783427
2.712,3.0380010599817524
0.884,1.4760411932413717
1.015,1.0678711748381033
4.955,2.821877555640384
1.673,1.300825554958685
1.413,0.42752601625100795
5.00001,4.95059059511491
3.213,3.202299784632139
0.821,0.9308219394684727
0.929,1.397453078798577
1.68,2.060563457346923
1.35,1.7708808266339062
2.431,2.2074212933191504
1.571,2.149948527330757
0.979,0.43834042850458843
1.777,2.1859202207445847
1.318,1.3232087473831982
2.688,2.230216299761551
3.143,1.6913872564507386
1.836,2.451235731387591
1.0,0.6611770568161432
2.322,2.618246748611341
1.381,1.6983622731819565
1.625,1.6382729337610726
4.573,2.8561939828736556
1.392,1.8300719966127588
2.445,2.291616273356091
0.616,1.0010999672936904
2.37,2.0250109993347962
1.125,0.8948644177461276
1.223,1.1162753940554495
5.00001,2.6203797133746463
1.101,1.0293372893526325
3.009,2.9800871962023763
1.675,1.442172271774659
2.464,2.262068687772178
2.793,3.6715892582689165
4.14,2.360628252512626
0.587,0.9278336130120124
2.949,3.299214889920627
3.652,2.7420816509557255
3.683,3.565241829293093
2.392,1.6634472764838009
1.214,1.919800385574213
2.15,2.3848507862048294
1.139,1.9501818776476796
2.364,2.186560451741208
1.717,1.8884487201493059
2.485,2.583177045688231
0.582,0.4180749329861797
0.678,0.31328213291955365
0.757,1.1519659997824476
1.78,2.0212659103007766
0.604,0.379609398692061
2.261,2.8766809897196737
1.795,2.336102973681257
1.582,2.9617993826774907
2.786,2.475220687927333
4.808,3.285927229547106
1.923,1.450755213276409
1.417,1.4279245232728144
3.308,2.9736503846244347
1.0,1.5186753057537175
1.032,1.6897447927510214
0.535,0.7944712545338675
1.857,1.7143154389381365
1.929,1.6965744441893307
2.56,2.8724619940076366
1.385,1.5228212126697613
0.696,0.8227999673650785
2.468,2.4705699374940266
2.659,3.0074368697911424
1.625,1.173814034845904
3.227,2.822146906817956
1.489,2.4950184623583382
4.29,3.645814984946888
5.00001,4.098583078430927
2.541,2.4605651943062696
3.281,2.3976714824024654
1.691,2.0116421005223444
2.554,2.6056335343669446
0.764,0.9623017607755529
1.514,2.6180298366983976
3.111,2.7950849843784766
1.875,1.987580997289406
2.132,1.9799782546790468
2.083,1.7292117913055662
2.028,2.846261968862244
0.901,1.5476593281955644
0.924,1.0532173356993297
1.365,0.16358032785219478
0.922,0.18756173705651236
0.794,0.4985551954739549
0.955,1.340933626024622
2.492,2.3976269490822943
1.117,1.9528177876893196
1.906,1.6091697727278174
1.918,2.554352748479424
5.00001,3.0150879260070553
0.508,1.8283064366295676
1.635,1.3979331114151066
3.689,2.8312385363726023
0.57,0.5093150946135268
0.75,1.221965653222739
2.29,2.4857344609487626
3.409,2.9073872463177466
2.766,2.5155528860163088
1.884,2.0071201902818814
0.739,0.9775467559505415
1.5,2.2059989458785054
1.471,1.8805835439930902
1.863,1.6046017434110524
2.349,2.748549428477766
1.225,1.3757346078862867
3.989,2.884902306846733
2.5,3.3927974013113555
1.136,1.6400343918103175
2.448,2.6349629456764774
2.25,1.484943504219757
1.869,2.8716823766119575
3.097,3.270054843385026
1.306,1.4667324021003623
3.423,2.8640173342247905
0.65,1.071315218222054
2.789,1.9063584006256349
1.688,1.056515120273815
4.184,3.2861105817152776
1.09,1.7205290925166707
1.601,1.7074831894446305
3.45,3.0248530200148096
4.188,2.8283965407201634
2.091,2.0297519400237434
0.975,0.5204294955331292
5.00001,4.413486261655656
1.086,0.7537723960191869
1.333,1.873058825122115
0.509,0.8805065791260986
3.116,2.881471337112721
3.655,3.169138028427156
1.75,1.6454062854524238
1.703,1.4938504995004322
2.795,2.716148744518165
1.259,1.6220435938650368
1.557,2.098148612403172
0.833,1.4944460610832735
1.563,2.8752817446617556
2.148,2.7027938235730247
1.103,1.2061251438672187
1.65,1.741882312626167
3.495,2.7711085079653657
5.00001,7.260292632322404
1.257,0.6386404806815094
1.931,2.374318393490846
5.00001,5.359252307153511
1.996,2.2668439424623728
5.00001,2.444723469681378
1.634,2.1552491557183586
1.375,1.1705855693161098
1.215,1.8180181845803034
3.812,2.678469843782551
1.119,2.09223107003767
0.58,0.49655712121770534
0.638,1.305270140375029
3.632,2.729963503951943
2.064,2.2281239384263998
3.708,2.0963817713757678
0.818,0.8211114861967204
2.715,2.422698109005374
1.97,2.695037234683795
0.734,1.0185146425379301
3.017,2.0460182802056224
1.196,1.9458281667703616
2.581,2.829522957436687
0.175,1.9082908744426064
1.457,2.041198340895569
1.02,1.8224964418183376
4.0,2.820978578327342
0.992,1.4042076632399727
4.854,3.66817010442373
4.771,4.22408841769726
0.669,1.1303986040188576
3.754,4.017066985143806
1.696,2.6590828468399224
2.476,2.7877066574980915
1.647,1.7661500479044605
3.094,2.150209149989955
1.853,2.427797711843553
2.302,2.8197637963179716
1.561,1.7231612677558843
3.025,3.1445058987125023
0.978,0.8014263118080862
2.513,2.422916838403495
2.813,2.4644725518758577
1.531,1.494374745504686
3.556,2.853884751974121
1.013,1.4303581471709919
2.66,2.385137733544809
1.607,1.7033816440159057
3.058,1.9813150386830927
1.475,1.2399103753397824
1.863,2.048267037826278
1.626,1.9694339252901045
4.847,3.3695122143899425
1.75,2.07791104660253
1.272,1.5580909651536956
3.651,2.653716711053221
2.365,1.3041520057928082
2.14,2.4941246351341064
2.258,2.9595543594594034
1.289,1.7397730071783926
0.735,2.227642695903789
1.147,2.3311020859412963
1.75,2.0521468879142404
3.181,1.9357364208069683
3.312,2.4923061509998234
1.925,2.1141853941920914
1.595,1.2322362926433712
1.627,2.3083532387990786
0.673,1.3358714635255637
2.129,1.6106557465716378
1.406,1.7498258391840977
1.865,1.8271844269327602
3.932,3.6061377923619915
0.553,1.1387991385002465
4.098,2.804720280733612
1.918,1.9301397391992623
0.995,1.584449787206431
1.75,1.3671759936215153
1.58,1.7853237507226396
1.069,1.6502781241209377
2.772,2.2657100366174276
3.267,2.3709904154097003
0.96,0.959405955706579
4.318,4.243048341030395
1.722,1.955921999022209
1.125,1.1837981656860066
2.25,2.2060378902811664
2.595,2.7521239163248055
2.915,2.74493076058085
0.504,0.7099986140301766
1.5,2.6790733930160044
2.246,2.5150898928876018
1.306,1.8547093465731308
0.697,1.2909964808107262
3.53,3.0342624626036496
2.312,2.9460023553537056
2.051,2.0704985747840965
3.981,3.1166298162411863
1.413,2.1061680941355547
1.733,1.9394357455151336
1.279,0.8957037445005795
2.895,2.09562592894963
0.959,1.301684747918351
1.334,1.7121644019702913
1.468,2.1951545229225644
1.813,1.8219750887908432
0.546,0.7117115997595818
0.555,0.8292496493541677
1.5,2.078352906854178
1.028,0.8081557537636002
0.933,1.1589999520587781
1.231,1.8565391272759015
2.318,1.32495828939944
1.595,1.9513914905438696
1.083,-0.13653707171386742
0.431,0.7411023876362748
1.056,1.1364799870124642
1.683,1.7708942455386278
0.283,2.269280897180593
2.829,2.8096146297819686
2.343,2.612505271199197
2.125,1.475660965131084
2.056,1.8153907413797228
1.5,2.0064838268481466
1.93,2.1915023588820333
0.14999,2.584992811613887
1.7,1.580204131922649
1.683,2.282292406158902
0.935,1.710710322175018
1.918,1.9737718274339429
1.815,2.3883780419659075
1.954,2.6675134385625867
1.219,1.7799058241421548
1.426,1.9801228231056527
1.583,2.0599274193268684
1.653,1.6578508634834321
1.55,1.8120867861496208
0.921,1.365707567207238
0.681,0.7671734983690683
2.763,2.578077897512962
3.352,3.9325870614762124
1.211,1.2101502664004613
1.771,1.3921663237946973
1.875,1.5913659128078308
1.92,2.097901454393643
3.012,2.809520226747182
1.591,1.7751757199963478
5.00001,5.9675091648586545
2.737,2.580266659671274
2.339,2.7752720282515355
5.00001,2.2487004385166074
2.228,2.780778776815204
1.402,1.3564209857350988
1.598,1.6918900423624237
1.188,1.6535178486030375
5.00001,2.494829619445916
1.055,1.4726770838470813
2.178,1.9680986938250413
1.875,1.6486836898732378
2.873,3.375386838360157
1.31,1.950475447697734
0.558,0.5091128553960615
1.619,2.3642592762747157
2.536,1.5859249701272446
1.55,1.913415911153038
3.115,3.0695407702321305
0.878,0.048661588079525586
1.058,1.8699240209248558
1.37,1.729819309457703
1.563,1.7281559916022715
1.547,2.067502164108568
1.674,1.14232232457789
4.578,2.827586661265535
5.00001,2.9229337939539093
1.883,2.9897230441955003
4.429,2.2882197731015737
5.00001,4.854744645950923
5.00001,3.431412537189786
1.875,1.8724727344030043
0.574,0.745555828495668
3.875,2.712539368774287
2.72,3.0617805809323784
1.676,1.7038519737044666
4.037,2.77294786699985
1.917,1.5202179289013387
5.00001,2.1556231796984946
1.871,2.2743984958885335
0.964,1.7041902804184232
0.924,0.7103771776446592
2.139,2.3887812979298744
1.55,2.3884155663031805
1.33,1.799726071621329
2.75,1.1421175874379728
2.385,2.1913236085947077
1.583,1.654295375816858
0.705,1.1911224232803477
2.223,2.246284731426286
4.119,3.2900597567802023
1.851,1.7355584347093895
5.00001,2.459111467826169
1.398,1.6731859158879558
1.781,2.344349212465154
1.593,2.0371806665358534
1.25,1.6887634805286282
1.971,2.8007643411635215
0.64,0.8702697050929018
1.946,1.9475045171936216
1.625,0.6290684882602591
0.844,1.1910588693158743
0.613,0.5666254598004627
3.682,3.110633820533991
1.221,1.5392414106134922
0.861,0.8026625394526405
2.099,2.141804667704612
1.708,2.018906809015405
1.75,2.177510722015171
1.266,1.4050471268069344
2.822,2.2292911410604646
2.077,2.6107462183958035
1.042,1.670690590761275
2.143,2.7412514762828977
0.803,1.23370967404162
2.731,2.8523654231933904
2.375,2.7252083930137374
0.738,1.0685383381925107
1.844,1.998288732254963
3.42,2.329744472758321
1.297,1.7147114422915237
2.24,3.0107105982064226
1.569,1.943365662646805
3.949,3.1195891074960116
1.577,2.3097509420160947
1.199,1.7454283129704748
3.169,2.670177578224596
2.125,2.611413792536652
0.683,1.0000804151678153
1.651,2.108921325242015
0.936,1.2844127681887585
0.888,1.5532010654231883
1.847,2.36238236004543
3.271,3.0877243842161235
1.343,1.356619222609524
5.00001,2.5473407134651893
1.621,2.0898304163426573
5.00001,5.376587597398981
2.292,1.9489969099148183
1.125,1.4474930584373737
3.542,2.690321899976979
3.621,2.9356082227739577
1.625,1.31374103956324
1.005,1.5456299961446263
0.677,0.5092866472399535
0.571,0.8778080572741658
1.648,2.4612290740385703
2.042,2.0368712393356745
3.424,2.8882476427249912
1.815,1.5516183212721302
3.045,1.9576461920018602
2.353,3.011253588632009
1.053,1.8924300388686959
2.914,2.311871206780893
1.596,2.469273258767707
1.118,1.3280802207968208
1.196,1.3713179050367046
3.297,2.667899658166455
1.367,2.293823079627508
1.014,1.456397271184386
1.186,1.0716669688840454
1.333,1.2442209978694265
0.525,0.6738646022786483
2.346,2.985415100390803
0.75,1.7563628769682822
1.763,2.1898763976018216
3.468,2.732458520711475
2.518,2.567083270046659
0.542,1.1719694606957347
0.675,1.7778580735728582
1.425,2.128208782768205
1.016,1.3884202765906508
2.273,3.018786212402553
3.372,2.5008837622901154
1.188,1.9088733864041671
0.675,0.785421370722311
2.02,2.3068458251139248
0.942,1.1376898594985931
0.962,0.8807371129318682
2.25,2.561016994256832
2.587,1.8385825544761403
1.031,1.1706126158668155
1.172,1.5084635959977106
1.648,1.0287013311764994
1.44,2.019414344614482
5.00001,3.4668444008912616
1.554,0.7507136654153541
1.147,1.3787070162007282
1.231,2.121775148079145
2.268,2.4799196646438872
1.804,1.0850728890335404
3.109,3.288223046266644
1.488,2.0728365258063093
0.847,1.3106091729247211
0.637,1.1059784833851438
2.62,2.194510144478514
4.381,3.7678819564759607
2.265,2.260600136878878
0.876,0.9072109903507481
3.455,3.026566010254669
1.401,1.4057431626169716
3.667,2.1055017379018963
2.708,2.4603300716631935
1.688,2.3486386278141964
2.938,3.0962651298034984
2.518,3.1929138596207594
0.851,0.7427262394671246
2.675,3.0143912976119367
1.409,2.1775868668662284
2.855,1.8366619559607287
1.513,1.956550758914581
2.25,2.130492990205987
0.446,0.9199144666408472
4.5,1.570128243495624
2.293,3.0380666229276443
2.25,0.5375388392126652
1.38,1.879353188257788
0.969,1.0599804188437858
1.612,2.0783001302977198
1.443,0.9318538206777021
4.5,1.5533564242208655
1.225,1.781978988975375
2.487,2.344310309263399
1.342,2.0388057374771478
3.481,3.4121148251039557
0.783,0.232254526121622
1.078,1.0225396575751091
1.469,1.8832825680334864
1.883,2.240465710887392
1.625,1.1817713080934027
0.586,0.47322690527699507
1.837,2.0101427223319845
1.804,1.8702015601630677
1.75,1.9350669000167926
1.372,2.632580738608894
1.1,3.4369307460839593
2.334,2.625225511494868
1.283,0.6404045071091744
3.5,1.5019237204685538
1.552,1.9871804486274698
2.567,2.7205608277735465
0.859,1.17104010290425
0.732,0.7257988558719148
2.583,1.9047604646046565
0.628,0.5157267012368365
4.85,2.7655213795352225
1.24,1.9090389788095266
1.585,2.216595717503367
0.973,1.415237756062929
1.867,2.5854809767524785
3.441,3.461131988036165
1.667,2.15832349064258
1.089,0.6631182837125209
4.829,2.595899884002847
2.044,2.504066192102499
2.307,2.3118912090059354
0.53,0.8674918818012145
1.785,1.7693077793617746
5.00001,3.554318013423604
5.00001,5.871172652410614
0.849,1.186552723388182
5.00001,2.667165003561749
2.468,3.1119242273860905
1.563,1.7214002352319469
2.346,1.8484457458135708
0.488,0.7627208363345233
1.458,1.9815658885132947
2.715,2.8942261748363407
5.00001,2.3219179303666095
0.875,2.322238564826371
0.691,0.7693950631101814
1.393,1.678570747413474
2.734,2.1902183906075408
2.297,2.300404889188357
0.682,0.6669524553591728
1.143,1.3616178188180825
1.599,2.170382174757407
1.166,1.5315082853033672
2.099,2.520820734880779
0.689,0.46323760796676083
1.014,1.7084893320346168
2.14,2.316589596474728
3.553,3.419832831772702
0.903,2.038185052082703
1.593,2.1365043177695497
0.639,0.9177502621636506
2.182,2.2540673656450494
2.536,2.8004681147578623
0.813,0.9024564693469017
1.886,2.51499851692342
1.654,2.9739642131679673
1.063,1.7187550401589462
2.101,2.6673776585066946
1.476,1.92429423019545
1.125,2.2398152135546994
1.75,2.1806889299578884
1.566,2.288655652418271
1.173,2.0375674889928135
2.292,1.715674699225616
3.5,1.9037971166566479
1.719,1.2977313198572347
1.993,2.289561746001695
2.516,2.655530949587778
3.0,1.9944542236455902
1.589,1.5558376570943722
2.168,2.6757378110651473
1.98,2.633282497601904
3.561,3.0490423133784645
1.923,2.226043423956199
3.145,2.370672890940945
0.5,0.691035232295178
1.625,2.127998592626163
1.671,2.0672115731123597
1.388,1.5560680322708649
1.476,1.9840095081187883
2.385,2.392442230429502
1.107,1.5608308745407342
3.338,3.2766843785287065
1.921,2.158255533935872
2.94,2.1472970700899197
1.545,1.5733182699800068
1.519,2.169265423069156
5.00001,4.820696994913284
3.229,2.9375085946364763
1.656,2.082854064266833
2.212,2.098153044931763
1.704,2.192860252876109
1.987,1.982294692646441
1.625,1.6620530067784074
4.112,3.6054830959795936
3.355,2.9360867539542213
1.491,1.5846291662966792
3.815,2.5678770257179835
1.839,1.0140582404744478
0.912,1.470547079261678
4.115,3.731834357426294
2.203,2.5950420031218826
1.581,2.169003324384562
0.696,-0.03357018478232021
2.705,2.879354690700069
2.616,2.390389334339055
3.895,2.9527638392298883
0.75,1.0351579704659528
1.776,2.5721589972830827
1.704,0.5946152282462691
1.542,2.176073402938634
1.319,1.7550390818343118
0.444,0.33619363758821663
1.45,1.8458569168073211
2.241,2.8399585213800123
1.875,1.1500639844649285
1.929,1.667644359008058
0.886,0.8425272577542486
1.839,2.1550340151924345
2.25,3.0245578122152637
1.828,1.5775364370817755
1.376,1.8683372992039153
2.653,2.8041552843997763
0.366,0.6501721454485292
1.255,1.6882620717051822
1.386,2.0713635844847573
4.871,2.6488530320291304
1.786,1.875321503608383
1.345,2.0222671429863937
3.067,3.3487581986699126
1.158,2.1948919405329477
0.914,1.3039989374054741
2.109,2.3013836184818715
2.592,2.966534195030434
3.473,3.8283475571965013
1.684,2.3670472193035508
1.509,0.9912066720794073
1.135,1.2443111733499563
3.026,2.9074820047992986
4.233,2.6185730611288136
4.922,3.7237120655302007
1.906,2.1381669211189305
2.45,2.0031897085679518
0.557,1.1988308859492065
0.84,1.877555351683597
2.75,2.854775516314504
1.896,1.5758566298136572
2.759,1.8462390782988862
3.198,3.351819905432883
2.917,2.3941551894291138
0.679,0.9219925043964778
1.89,2.41394314432538
0.9,1.6006360750423454
3.35,2.5706088380293792
1.767,1.69168600291043
0.985,1.505978226861778
2.006,2.2153938358332397
0.602,0.9976869082355293
1.919,2.119566942653556
1.911,2.1732700928636532
3.373,3.204106456368784
2.25,2.1367995872495626
2.906,1.7878428068504277
1.215,1.121550135292857
2.932,3.0062537469189365
1.07,1.3608203953111726
2.664,2.4754938502549706
0.769,1.3904038240001242
2.203,1.443931139794465
1.011,1.502515384660498
4.746,2.771993519011424
0.653,0.5235234832232152
1.137,1.396837157407461
2.142,2.264844951123237
2.167,2.7790696113565048
1.984,2.345637941638607
2.122,1.6437047943982037
2.227,2.4944507842307218
2.659,2.712844990387069
0.375,1.0025885954686018
2.65,2.5273120111922935
1.087,1.2452888896112597
0.467,0.9302533809736744
1.875,2.2719756961648088
0.616,0.4408027895422606
3.43,3.1083517261442353
1.66,1.975741015767511
5.00001,2.273334685074367
1.375,2.3452810315582155
0.906,0.3654578606585517
0.77,1.3971661887794085
1.481,2.1634375084781254
0.916,1.7124915538945515
1.509,1.4557451487426007
1.551,2.024729821052482
0.892,1.2367380609176593
2.154,1.6372748074920125
0.551,0.40310873539733905
1.974,1.997859595154054
1.544,1.8144410060329008
1.417,1.8619715852902843
0.984,1.1949568401884747
1.526,2.0446873063383038
1.096,1.5815238401286322
1.713,1.5525163273327394
1.041,0.930641077818386
1.539,2.2897245381539975
2.7,2.0441621589734993
2.865,3.0292986840569256
3.35,2.480693226959751
1.377,1.8914374958689137
2.32,2.0827511513396786
3.938,2.7741012726698457
0.703,0.7659850015581
1.417,1.6715692407582026
1.563,1.98773597642802
4.5,2.546753569097177
1.998,1.692765351995014
0.953,1.2666843729236348
0.869,1.3846002181111743
1.875,1.6885761402294577
2.218,2.8958865307134403
0.588,0.6624605352765869
1.344,0.9670049298319441
2.386,2.8774800142978734
1.609,1.9581096702215461
1.364,1.9818495830906642
1.44,1.9516068584655883
1.593,2.239515261456141
1.553,1.8626746204379785
1.426,2.60816128798502
1.207,1.3269192266476182
1.262,1.763766251363478
2.134,2.5947803915501453
1.169,1.607437939977423
1.858,2.0713597868305342
3.56,3.50937131739979
1.5,1.2971659480316546
0.889,1.012331022112761
2.591,2.127674403413714
5.00001,3.6608915736517815
1.276,1.3452796903491162
0.699,1.2549102201877176
1.37,2.2955529882461008
2.737,2.7039216066900025
0.92,1.2298628881138782
1.183,1.804275343708568
4.108,4.864859541350398
1.005,1.1542159453294545
4.929,2.523386829532541
1.185,1.5232909815482003
1.135,1.7350408412477947
0.899,1.634382343172831
5.00001,3.8919473353722083
5.00001,4.6455641245910755
1.463,3.0670626604661777
1.135,1.6230555742998476
2.75,2.4150406878304125
1.025,1.4772560157150707
1.471,2.1304311263537272
2.25,2.2377442313352134
1.394,1.3368585809651492
1.758,2.326909923017517
0.57,1.603308569679136
2.696,1.9982954281811303
2.729,2.7926798225469653
0.762,1.1363265387319217
4.841,4.086722361643666
1.806,1.7850029353979764
2.38,2.245683310265143
1.375,1.3401048676510996
1.863,1.4249711326169816
1.929,2.5782414267544596
0.845,0.518452950675524
1.076,1.9319334942238982
0.555,0.2676003198751715
2.653,2.296609082646569
3.883,3.0829184098980704
4.827,3.221975074728384
1.981,2.988964335480901
0.927,0.832007674329887
3.462,3.3404769594432935
0.388,1.188075281953438
0.567,0.7561182865689489
1.237,2.2695404921950413
0.938,1.182785285835699
0.932,1.2975781850816972
0.44,0.06724407403149257
0.692,1.4892665198109185
3.018,2.981294017598991
2.542,1.8618861320845284
2.098,2.6385992705289567
1.845,2.063306964201132
0.734,1.0121183573799186
3.39,3.3236673018467613
0.931,1.4451622383928608
2.023,2.29582147941467
1.333,1.2507771408910457
2.707,2.6881555390766536
2.402,3.03476741277359
1.393,1.2772483643961152
0.57,0.9648218027205289
1.707,0.9678467366512962
1.192,1.6975379615512622
1.773,2.3503596840253067
2.896,2.78329762864751
2.976,2.22622594487666
1.099,1.512782222723061
1.475,1.4694683972213625
0.787,0.3553107336774559
1.603,2.4703189971673467
0.777,1.475630109272629
4.735,3.986043251012198
5.00001,4.640919619597966
1.331,1.273916692368772
0.935,1.0798129655865054
2.801,2.70705362120664
2.567,2.3148324033473813
2.88,2.8296755717544286
1.611,1.5497582881362106
1.37,2.098701436348378
0.62,0.9529068670993581
4.438,3.7659881165241984
0.683,0.34314612814426937
2.621,2.6093667866929025
1.094,0.9371727113728241
4.093,3.220077047001375
1.752,2.0505538158617043
1.477,1.8910879493282806
2.875,1.752921467903299
0.932,1.5646100472188422
0.938,1.5897749214101893
1.724,1.868879625101961
3.186,2.8724748986854536
1.852,1.750748505717418
0.652,0.6337483748549673
1.797,0.996904520756317
1.592,1.58828004100927
1.519,1.6922378750768345
0.717,1.082051897109153
2.452,1.756067701948453
2.283,2.661211671167827
1.964,1.5097591468980909
1.924,2.072435684097492
0.659,0.56457119044439
2.823,1.7548983444640243
1.853,2.102510206751944
0.886,1.4193751963792494
0.675,1.0012773732680103
1.434,0.830801635328271
1.194,1.2588759540179026
2.158,2.800200520852542
2.574,2.8093850557844036
3.734,2.9119881510710783
1.523,1.7013784893732407
2.457,2.947559061617035
0.8,1.5101036352142927
1.372,1.3168283530007656
2.669,3.104353532433265
3.953,3.016913019324889
2.221,2.7389165267919253
5.00001,2.0646053302649605
5.00001,3.4155666955324335
2.329,2.393238171800064
2.597,2.8929420187348427
2.157,1.5461077713312505
2.432,2.9358591947985673
2.214,2.3495107346147464
1.125,1.389225096285692
3.885,2.366469967465491
4.1,2.4149021486187294
1.63,2.73751526274593
5.0,2.835252611918918
2.313,1.8461540991041048
0.761,1.6004991578783887
4.586,2.430411401238473
3.663,3.0967289826143585
2.968,2.2526422695168264
0.586,1.127749318528359
0.848,1.081566025531444
1.173,1.6607816258800838
1.266,0.47533016529374805
1.708,2.455971282039883
1.493,1.2756636563290584
1.19,0.7571767551678477
3.75,2.418546162085754
2.849,3.1172815160323495
1.701,1.710239024151349
5.00001,2.9588232863662824
0.987,1.30266720106016
0.608,0.5192441980544871
1.428,1.5282546063860707
2.239,2.461309109081334
1.375,1.702429376937694
2.978,3.0014318566253735
1.127,2.007786861442142
1.133,0.6699527843021613
1.214,1.4149078213103365
2.484,2.7220763018843215
4.078,3.545402860717985
3.566,3.437875401645705
1.063,1.1336258102315284
1.214,1.7302499723321958
2.409,2.112242985336046
2.471,1.908294182972412
1.379,0.6984412474414583
0.863,0.5095275686602747
5.00001,3.551067303679922
2.163,2.5173331209533245
3.056,2.830501507459182
1.583,2.124089591376368
4.521,2.4093817940329885
0.95,1.7362697682771824
1.057,0.28110045775000003
0.846,1.2303988735858766
2.401,2.0802177721562387
1.625,1.682236381074631
0.966,1.4671130216038293
0.922,0.5664266070538844
2.282,2.2836034938565106
1.137,2.6426639517897854
0.69,0.8201057881392089
5.00001,3.7163012796476522
2.25,1.980451748028635
1.74,1.8718520451555136
5.00001,3.646438093479773
2.53,2.817214769971031
2.776,3.533976319548806
2.852,2.7253216458815643
0.903,1.6657613150066268
1.899,1.409889465263383
3.166,2.5636620139694912
3.019,2.816548782715657
0.931,0.9475138272673576
0.942,1.4060889539050407
2.138,2.3354910417991164
1.875,2.0120731731612693
5.00001,3.071800847798805
3.257,3.0709280192064554
3.0,2.0783334936985938
1.439,2.093069484850119
5.00001,4.527075674911252
2.641,2.9981091114744345
0.623,1.2406150927226136
1.388,0.6065265746152164
1.054,1.9332755397143515
0.635,0.5388816696540388
5.00001,1.6680339913782234
0.978,0.9969380583723719
1.274,1.8811485704894864
1.353,1.9245221339106493
1.561,1.8021449495228765
4.468,3.6596994889069663
0.65,0.6603887318359796
1.518,1.9191605994996621
1.922,2.035348285642243
1.531,1.882913030338912
1.658,2.0272387985002283
2.542,2.3139751516007223
2.342,2.6675089352570254
1.125,1.2574956486227293
1.187,1.3989515242715242
2.409,2.1291429429023054
2.833,3.3402090278574548
4.5,0.867216205667944
0.521,1.006753048968939
0.559,0.8602156467432778
0.881,0.7212866315317541
2.489,2.3369152427718234
0.686,0.8246111440292907
1.563,1.7211352116641336
2.727,2.6728757667575707
3.404,2.7699120769305807
2.188,1.6490504991150203
0.701,0.9052572835185231
5.00001,2.7837426714253226
1.625,11.500331025900984
1.118,1.0863494497123725
1.102,1.2326541599703518
0.742,0.7895427006990587
1.032,1.5600092758383042
1.721,2.212791806539272
1.32,1.3878398008373267
1.663,2.0429245409291283
1.073,1.5218101133324495
1.079,0.7962989324067209
0.946,0.9300833284563907
0.661,1.138917287236481
1.582,2.106826958616594
0.958,0.658254196192118
1.17,1.3101659667047514
1.709,2.125336934967521
0.929,1.5456745404896708
1.625,1.7919423822467664
1.938,1.6720598632551997
1.346,1.2655739009864462
1.231,0.7157009648528714
1.157,1.435321844730602
0.835,1.6721192119078907
0.622,0.8329083491854945
0.744,0.979242048547043
1.801,2.0227494322992285
1.958,2.5861216080747553
5.00001,4.600804065281672
1.443,1.640749033099489
1.254,1.1714098702349958
0.808,1.2050204888105895
0.659,1.1766977684469566
1.579,2.430198291851127
5.00001,2.1948846925167516
1.808,2.1793447362921654
2.362,2.7666180623608483
1.03,1.648501984358532
2.169,1.8903694381088556
3.833,1.7703418271860087
5.00001,1.7111556154246443
0.835,0.3178903057308915
2.144,1.902337172859042
1.0,0.34953938230177073
0.788,0.9186158541180021
0.976,1.481303523678811
1.784,2.262389123058192
2.871,3.0721802118994006
2.701,3.2154834081779313
1.855,2.6048985359204266
0.906,1.7190733315917441
2.136,1.6130109103756212
1.243,1.3640194480938206
2.05,1.3142900860418152
2.567,2.0337114221310273
3.927,3.6499043439564716
1.333,1.6630978772144402
1.871,2.2102700014056254
2.554,3.2925989935628195
3.474,2.806817579616343
1.717,1.6838408879730267
1.125,1.8094753432069055
0.826,0.8169473270777488
0.486,1.2335857292095866
1.341,2.25287175637839
2.258,2.0822446971680293
5.00001,4.010686471987839
4.7,2.9295023042921287
2.258,2.5502858323466455
1.58,1.7035710138692366
1.171,0.9313081550463522
4.163,3.6379524927936515
1.208,1.0672036241979441
2.263,2.5884888532482933
1.222,1.5787670642160023
1.0,1.338089395146703
2.295,2.354393685230164
1.958,1.074427146969704
0.85,0.454642565531195
2.647,1.779645699059472
4.555,4.065241255889546
1.76,1.8187612606472356
0.811,0.9379897081966178
1.664,2.232644097542966
0.826,1.5723456170219166
2.722,1.9028167350026735
2.711,2.2128151781221845
2.394,2.46275510518263
1.718,2.469027268045096
1.218,0.41440518111925684
1.736,1.6605762744018406
2.393,2.261614992894863
0.588,1.225059431615385
2.875,2.4568738400857484
0.707,1.145453214418545
1.817,1.8974726087898048
1.137,1.4970541408820708
2.241,2.537948477186802
3.513,3.627152043170163
3.013,2.997076394773231
0.807,2.595617629374402
1.526,1.7755918747270414
2.374,2.765405051025631
1.794,2.362821164913818
5.00001,4.135155024569542
1.702,2.396140010328473
1.653,1.9213675513811097
2.259,2.460798202017209
1.597,1.484429868644341
3.635,3.0563459298286517
1.321,2.0179396223481874
3.768,2.5499938698496365
0.969,1.8584750995929795
3.162,2.7927438217950353
3.238,2.709868966898739
3.875,2.6701820460295878
1.491,1.8463716833717214
5.00001,6.357260268747069
2.25,1.284951781993783
1.788,2.1189026177209627
0.875,1.5205029500205
1.301,1.7928930996016064
5.00001,3.712914326877822
3.49,2.9629481978495917
0.73,1.4182406076533027
2.447,2.479273527815799
2.754,2.159676198069562
2.462,2.7743211679346444
2.362,2.0109609775898747
2.322,3.0174161351575606
0.533,0.9801032520843691
1.631,1.5339226719191217
0.724,0.3144551075891684
2.345,2.113673519058601
1.5,1.7767736633499425
1.161,1.4766598986220387
1.813,1.7916517135814516
1.21,2.0352864572600566
0.887,1.6771554077320445
1.825,2.5525811630499433
1.974,2.1848412470058136
1.281,1.8263033962104842
0.765,0.6126902562860934
3.0,3.1553109455528414
5.00001,4.376839629871164
1.603,2.0452340589760496
3.356,3.3127611282614566
1.576,1.596498922471703
1.906,2.3480343710346574
1.808,1.9382784477342767
1.042,1.0633781102505893
1.118,1.5907269251447147
1.941,2.338727903591483
2.538,3.075584335950893
1.295,2.068390590703956
1.176,1.528310774047121
3.398,3.3868894084136016
3.429,2.5100317127492104
1.955,1.7798060128911501
0.838,0.4797160730460206
0.942,1.6476836713568872
1.406,1.440377787606053
1.609,2.161475159055378
1.693,2.0038223499447625
2.759,2.7646941434499936
1.462,1.6053709373503438
2.023,1.1729159608247812
1.54,1.9346527047135211
1.355,1.9786915947926857
2.359,2.6810563988169633
1.288,1.415491773433537
2.496,2.405747968914028
3.0,2.1249112114512627
1.341,1.8612248647896408
3.086,2.6647608038950636
3.5,2.6304571537832473
1.108,1.9834573729960852
1.908,1.7962629725485115
1.088,1.0062523751142933
1.444,1.6098819139759257
1.629,1.9593343703617094
1.639,2.162349392149757
0.98,1.482782759338221
1.327,1.7152551013562416
2.831,2.7675673230518
4.072,3.0035825470763413
2.482,2.991113448406324
0.645,1.2452399188013317
5.00001,2.819845499124064
1.944,2.3899626099094604
1.375,1.6618838420624087
1.273,1.6532582554281134
0.853,1.5666400605672024
1.949,1.9193848717020359
2.211,2.3588614493087405
1.922,2.1335634958674987
4.045,2.1595265080083763
0.735,0.6054101842720243
2.337,2.1016019202747245
1.188,1.2341706880211731
0.7,1.269036345351175
1.828,1.949725452037761
5.00001,4.794236575618996
1.577,2.1071635846632333
2.479,2.5754125494211593
5.00001,4.265071986723235
3.579,2.6611077863912413
0.569,0.6224342831882339
3.024,3.2970513671201616
1.254,1.4544748054767211
3.864,2.5205805359232656
1.756,1.9664479147912246
1.105,1.7270611569663572
3.867,3.943665571878526
1.375,1.9487729841883095
2.287,3.0327416311943836
1.494,1.8463937919032816
0.737,1.4784836701274529
5.00001,2.718047580295213
1.321,1.4097440370159973
0.865,0.7850490645566737
4.179,2.4680541828518727
1.726,1.4950599102969093
0.997,1.076290608293725
0.725,1.677069168240699
1.808,2.7903230699520805
3.084,2.3501217339201403
2.883,2.8607136561681585
3.022,2.1730982703510406
2.888,3.2435519096077456
1.0,1.389162196719262
2.33,2.077107518856536
1.369,2.2681253137199775
2.094,1.8775681890680147
2.466,2.706984452328186
0.652,0.7295951057769088
4.912,2.6613987934036487
3.567,3.3068044431581782
1.643,2.0008832933076945
0.882,1.0339657492133227
1.559,1.008437698571619
1.917,1.87034834477857
0.844,1.8744714227256551
1.901,2.401517992949458
1.125,1.0411570001254233
1.152,2.1743412983959303
1.746,2.3520320574523907
1.135,1.806236918893454
1.524,2.1998374638940703
2.503,2.0828152846770536
1.837,2.1891005017958634
5.00001,2.1350706499627066
3.109,2.9342289096936085
2.306,2.0182900034014466
0.685,0.8951597216854168
2.674,2.383796622857119
1.453,1.8319119771032888
2.82,3.1109387417379963
2.821,1.5679516765913917
1.898,2.592240631619589
2.544,2.7773378729485074
1.617,2.2087822654423093
1.888,1.8055724839907725
5.00001,2.673727759476229
0.944,0.7494772697735925
3.428,2.757053764647594
1.915,2.2906811594252545
2.096,1.8218447390637778
2.35,2.319646612334573
2.314,3.0710765841848513
1.302,1.9258273517800504
2.082,2.5261676625712965
5.00001,4.411724018843991
1.686,1.943365217199954
2.281,2.1995490996871183
1.269,1.8885642543496104
1.355,1.8157680649357602
1.567,2.5062410906191275
2.086,2.266262668026876
4.367,2.6612612254896817
0.71,0.8455901018378924
0.888,0.42688763454707157
3.416,3.3315755226931216
1.202,1.6330437820194348
1.482,1.63971262357515
5.00001,3.5205602993914695
3.75,2.0190985330762246
1.375,1.7921693048215914
0.648,0.7427110742143412
2.318,2.6052419596289553
1.607,1.9957219435190368
2.51,2.1039085012428913
1.425,2.237400736101449
1.765,2.140300615469954
1.771,2.1840400576436636
3.118,2.927147682582614
0.846,1.6670551694160736
1.226,0.8760268786288137
1.982,2.2945762655446984
5.0,2.8989964104154495
2.798,3.120658130865813
1.95,2.6389053110060843
2.028,1.3295916048664367
3.541,2.5824844711337605
2.595,2.771098774850735
5.00001,2.849369175625988
2.724,2.7738089835438657
1.839,2.0396298203973657
2.858,2.4982606583578573
2.25,1.713555140028852
2.926,2.4514552225264197
0.552,0.538423486650558
2.62,1.9063670037338198
1.589,2.602440396074556
1.721,2.456726394709186
1.917,2.2813876253028553
2.25,2.451491938980645
1.083,1.5731086553606843
1.136,1.0456058489633548
1.0,1.4714311464449708
1.917,1.62008635707015
1.172,1.314182851917991
1.106,1.3467184247166344
0.802,1.3585113583048596
0.981,1.6858997573158234
2.538,2.836046726112791
0.481,0.6597731551324557
1.928,1.9816309398326268
1.328,1.4054328496461679
1.963,1.6717908640314008
3.208,2.2930503892971785
3.194,2.1089298762194773
2.037,2.8910928483775535
2.071,2.6718782085651966
0.799,0.8308747080424865
5.00001,2.4290260849161953
3.3,2.4295290353621795
1.39,1.9685210997777958
1.875,2.1792516253945493
4.483,2.5668961202034097
1.763,2.0021101438181788
1.759,1.6509287226522105
1.042,1.4061195842381906
1.622,2.0097235685395844
1.668,2.1164679177171024
1.612,1.68124919942629
1.531,1.8356486191979045
1.569,1.4896066378019128
1.581,1.6808567196454405
0.769,1.2123243487550397
1.654,2.167291819615251
0.735,1.971784671494916
1.184,1.6778881603425475
1.424,1.5587815736825945
2.803,2.8171334216758055
1.072,1.0333140732100503
1.833,1.1724142169945964
0.988,0.04754318306883931
2.345,1.8157268020265036
1.435,2.261554578295076
1.08,1.992922660152395
0.978,-0.14358418395324435
0.705,1.1037530383932364
2.259,1.8540075417013355
2.398,2.535272814752041
1.364,1.7420253888384778
1.806,2.2250877689656363
2.396,2.6692116799561134
2.657,2.858967729074088
2.042,2.2284193519240816
1.225,1.9888745983034042
2.04,2.7619429336507793
1.953,2.0964261729106752
2.158,2.2704644004914627
5.00001,3.147497742083935
0.758,0.12432311863064882
2.654,3.0160240756562686
2.737,3.5962493207394246
1.164,1.6299945447569826
0.594,1.1508522596573059
1.37,1.6350193819729597
1.192,0.3202628446954989
2.442,2.731212550675366
1.7,1.9308335023737229
2.803,3.4729248044588132
2.85,3.1281595350759304
1.026,1.540170277203778
1.205,0.7533805686339505
3.616,2.875460155375137
4.553,3.9467611459290595
2.134,2.211428404951505
1.58,2.692478244705754
2.17,2.185325932236701
0.637,0.4253874331457368
2.443,3.181979820078247
1.511,1.6004422752185476
1.108,1.3851760462799376
4.338,4.293830773202821
0.729,1.1910916115155814
1.085,1.9772711772565543
4.526,4.151942685752907
4.676,5.64413670955966
2.633,1.9917457428060032
2.668,2.2498391162988725
5.00001,4.468770165723342
0.723,1.1875111855194405
1.515,2.009402509723124
